,targetname,datetime_str,datetime_jd,H,G,solar_presence,flags,RA,DEC,RA_app,DEC_app,RA_rate,DEC_rate,AZ,EL,AZ_rate,EL_rate,sat_X,sat_Y,sat_PANG,siderealtime,airmass,magextinct,V,surfbright,illumination,illum_defect,sat_sep,sat_vis,ang_width,PDObsLon,PDObsLat,PDSunLon,PDSunLat,SubSol_ang,SubSol_dist,NPole_ang,NPole_dist,EclLon,EclLat,r,r_rate,delta,delta_rate,lighttime,vel_sun,vel_obs,elong,elongFlag,alpha,lunar_elong,lunar_illum,sat_alpha,sunTargetPA,velocityPA,OrbPlaneAng,constellation,TDB-UT,ObsEclLon,ObsEclLat,NPole_RA,NPole_DEC,GlxLon,GlxLat,solartime,earth_lighttime,RA_3sigma,DEC_3sigma,SMAA_3sigma,SMIA_3sigma,Theta_3sigma,Area_3sigma,RSS_3sigma,r_3sigma,r_rate_3sigma,SBand_3sigma,XBand_3sigma,DoppDelay_3sigma,true_anom,hour_angle,alpha_true,PABLon,PABLat,delta (Rt),Longitude,Latitude
0,99942 Apophis (2004 MN4),2029-Apr-13 19:00,2462240.292,19.7,0.25,,,181.0563,-10.9637,181.44107,-11.13089,-29098.8,22765.61,,,,,565127.02,-73760.65,96.75,,999,,4.113,3.661,96.7919,0.0299,573691.2,*,0.931283,,,,,267.01,0.16,,,203.7149,-0.0031,1.003361569,-5.6950665,0.000503381,-5.5377419,0.00418649,28.5639753,6.6864881,159.3587,/T,20.6313,162.3,0.1897,0.0058,87.027,295.095,8.42181,Vir,69.185626,185.7876907,-9.6315145,,,284.647165,50.222647,,0,8.817,5.425,9.335,4.477,-21.97,262.59,10.353,1.1884,0.000008,2.6,9.44,0.000008,237.7217,,20.636,194.6051,-4.8791,11.80676719,53.80581535,-10.9637
1,99942 Apophis (2004 MN4),2029-Apr-13 19:05,2462240.295,19.7,0.25,,,180.35603,-10.42401,180.74036,-10.59122,-30367.2,23871,,,,,562624.624,-71822.34,95.167,,999,,4.083,3.677,96.58261,0.0325,571278.7,*,0.952224,,,,,268.62,0.17,,,203.7181,-0.0029,1.003350128,-5.715409,0.000492311,-5.5014629,0.00409443,28.5752714,6.7042625,158.6885,/T,21.3014,161.5,0.189,0.0057,88.635,295.11,8.15054,Vir,69.185626,184.928515,-9.4151254,,,283.367063,50.53641,,0,8.962,5.53,9.488,4.569,-22.003,272.34,10.53,1.229,0.0000083,2.7,9.82,0.000008,237.9242,,21.3062,194.1772,-4.7753,11.54712353,51.85212312,-10.42401
2,99942 Apophis (2004 MN4),2029-Apr-13 19:10,2462240.299,19.7,0.25,,,179.62625,-9.85795,180.01016,-10.02515,-31713.3,25046.39,,,,,560017.506,-69789.02,93.611,,999,,4.054,3.694,96.35207,0.0355,568702.3,*,0.973974,,,,,270.2,0.18,,,203.7213,-0.0027,1.003338645,-5.7365747,0.000481317,-5.46215,0.00400299,28.5873785,6.722675,157.9729,/T,22.017,160.7,0.1882,0.0057,90.21,295.112,7.86487,Vir,69.185626,184.0311051,-9.1865947,,,282.010359,50.84934,,0,9.107,5.635,9.642,4.663,-22.023,282.46,10.71,1.2719,0.0000087,2.81,10.22,0.000008,238.1398,,22.0218,193.7299,-4.6657,11.2892563,49.8689209,-9.85795
3,99942 Apophis (2004 MN4),2029-Apr-13 19:15,2462240.302,19.7,0.25,,,178.86516,-9.26386,179.24869,-9.43103,-33142.8,26296.41,,,,,557299.298,-67654.67,92.083,,999,,4.025,3.712,96.09811,0.0389,565953.2,*,0.996567,,,,,271.74,0.19,,,203.7245,-0.0025,1.003327119,-5.7586014,0.000470405,-5.4195163,0.00391224,28.6003677,6.7417481,157.2092,/T,22.7805,159.8,0.1875,0.0057,91.749,295.1,7.56384,Crt,69.185625,183.0931435,-8.9450517,,,280.571355,51.159771,,0,9.254,5.742,9.796,4.76,-22.027,292.95,10.891,1.3172,0.0000092,2.93,10.64,0.000009,238.3694,,22.7854,193.2621,-4.5497,11.03331486,47.85440867,-9.26386
4,99942 Apophis (2004 MN4),2029-Apr-13 19:20,2462240.306,19.7,0.25,,,178.07083,-8.63996,178.454,-8.80705,-34661.5,27625.84,,,,,554463.15,-65412.87,90.584,,999,,3.997,3.732,95.8183,0.0427,563022,*,1.020036,,,,,273.25,0.2,,,203.7277,-0.0023,1.003315548,-5.7815273,0.000459582,-5.3732451,0.00382223,28.6143172,6.7615036,156.395,/T,23.5947,158.8,0.1868,0.0057,93.25,295.072,7.24642,Crt,69.185625,182.1121568,-8.6895597,,,279.044005,51.465699,,0,9.402,5.849,9.949,4.86,-22.013,303.8,11.073,1.3649,0.0000096,3.05,11.07,0.000009,238.6144,,23.5995,192.7725,-4.4269,10.77946273,45.80665611,-8.63996
5,99942 Apophis (2004 MN4),2029-Apr-13 19:25,2462240.309,19.7,0.25,,,177.24118,-7.98435,177.62404,-8.15133,-36276,29039.56,,,,,551501.695,-63056.79,89.116,,999,,3.969,3.752,95.50997,0.0469,559898.5,*,1.044412,,,,,274.71,0.22,,,203.7309,-0.0021,1.00330393,-5.805391,0.000448856,-5.3229876,0.00373302,28.6293124,6.7819618,155.5274,/T,24.4622,157.8,0.1862,0.0057,94.711,295.023,6.91151,Crt,69.185625,181.0855076,-8.419113,,,277.421941,51.764734,,0,9.55,5.956,10.101,4.963,-21.977,314.99,11.255,1.4151,0.0000102,3.17,11.53,0.000009,238.8758,,24.4671,192.2597,-4.2968,10.52787907,43.72358388,-7.98435
6,99942 Apophis (2004 MN4),2029-Apr-13 19:30,2462240.313,19.7,0.25,,,176.37397,-7.29504,176.75655,-7.46187,-37993.1,30542.48,,,,,548406.998,-60579.21,87.678,,999,,3.942,3.772,95.17014,0.0517,556572.1,*,1.069725,,,,,276.13,0.23,,,203.7341,-0.0019,1.003292263,-5.8302302,0.000438235,-5.2683598,0.00364469,28.6454467,6.8031416,154.6034,/T,25.3861,156.8,0.1855,0.0057,96.13,294.953,6.55794,Crt,69.185625,180.0103873,-8.1326333,,,275.69852,52.054036,,0,9.696,6.063,10.251,5.069,-21.916,326.49,11.436,1.4679,0.0000108,3.3,12,0.00001,239.1553,,25.391,191.7223,-4.1587,10.27876028,41.60295166,-7.29504
7,99942 Apophis (2004 MN4),2029-Apr-13 19:35,2462240.316,19.7,0.25,,,175.46678,-6.56991,175.84914,-6.73652,-39819.8,32139.49,,,,,545170.519,-57972.49,86.272,,999,,3.916,3.794,94.79553,0.057,553031.5,*,1.096002,,,,,277.51,0.24,,,203.7373,-0.0016,1.003280545,-5.8560817,0.000427728,-5.2089392,0.0035573,28.6628221,6.8250592,153.6198,/T,26.3695,155.6,0.1849,0.0057,97.504,294.856,6.18449,Vir,69.185625,178.88381,-7.8289684,,,273.866898,52.330247,,0,9.842,6.168,10.397,5.178,-21.826,338.26,11.615,1.5234,0.0000114,3.44,12.49,0.00001,239.4543,,26.3744,191.1589,-4.012,10.0323217,39.44233943,-6.56991
8,99942 Apophis (2004 MN4),2029-Apr-13 19:40,2462240.319,19.7,0.25,,,174.51702,-5.80672,174.89923,-5.97308,-41763.7,33835.25,,,,,541783.063,-55228.59,84.897,,999,,3.89,3.817,94.38248,0.0631,549264.5,*,1.123268,,,,,278.84,0.26,,,203.7405,-0.0014,1.003268775,-5.8829803,0.000417345,-5.1442618,0.00347095,28.6815497,6.8477276,152.5735,/T,27.4158,154.5,0.1843,0.0058,98.833,294.728,5.78984,Vir,69.185625,177.7026077,-7.5068907,,,271.920139,52.58942,,0,9.984,6.272,10.537,5.29,-21.701,350.25,11.791,1.5816,0.0000122,3.58,13,0.000011,239.7744,,27.4206,190.5677,-3.8561,9.788799517,37.2391572,-5.80672
9,99942 Apophis (2004 MN4),2029-Apr-13 19:45,2462240.323,19.7,0.25,,,173.52188,-5.00316,173.90401,-5.16919,-43832.6,35634.07,,,,,538234.726,-52339.1,83.554,,999,,3.865,3.841,93.92699,0.0699,545258.5,*,1.151542,,,,,280.13,0.28,,,203.7437,-0.0012,1.003256949,-5.9109575,0.000407098,-5.073819,0.00338573,28.7017503,6.8711556,151.4607,/T,28.5284,153.2,0.1837,0.0058,100.113,294.564,5.37265,Leo,69.185625,176.4634283,-7.165098,,,269.851367,52.826938,,0,10.123,6.373,10.671,5.405,-21.534,362.38,11.962,1.6427,0.000013,3.72,13.52,0.000011,240.1176,,28.5333,189.9472,-3.6901,9.548452786,34.99059464,-5.00316
10,99942 Apophis (2004 MN4),2029-Apr-13 19:50,2462240.326,19.7,0.25,,,172.47836,-4.15679,172.86049,-4.32243,-46034.8,37539.68,,,,,534514.851,-49295.26,82.242,,999,,3.842,3.867,93.42464,0.0776,541000,*,1.180837,,,,,281.36,0.29,,,203.7469,-0.001,1.003245066,-5.9400405,0.000396998,-4.9970548,0.00330173,28.7235545,6.8953461,150.2778,/T,29.7112,151.9,0.1831,0.0059,101.342,294.359,4.93151,Leo,69.185625,175.1627365,-6.8022165,,,267.653973,53.037438,,0,10.256,6.47,10.796,5.522,-21.32,374.56,12.126,1.7067,0.000014,3.87,14.05,0.000011,240.4857,,29.716,189.2954,-3.5132,9.311565589,32.69365242,-4.15679
11,99942 Apophis (2004 MN4),2029-Apr-13 19:55,2462240.33,19.7,0.25,,,171.38322,-3.26513,171.76544,-3.43028,-48378.3,39554.94,,,,,530611.971,-46088.05,80.962,,999,,3.819,3.893,92.87057,0.0863,536474.9,*,1.211159,,,,,282.54,0.31,,,203.7501,-0.0008,1.003233124,-5.9702502,0.000387059,-4.9133633,0.00321907,28.7471036,6.9202952,149.0208,/T,30.968,150.5,0.1826,0.006,102.518,294.104,4.46495,Leo,69.185625,173.7968184,-6.4168061,,,265.321872,53.214738,,0,10.382,6.563,10.91,5.641,-21.047,386.68,12.282,1.7735,0.000015,4.01,14.59,0.000012,240.881,,30.9728,188.6106,-3.3247,9.078449327,30.34509019,-3.26513
12,99942 Apophis (2004 MN4),2029-Apr-13 20:00,2462240.333,19.7,0.25,,,170.23296,-2.32562,170.61539,-2.4902,-50871.4,41681.46,,,,,526513.759,-42708.26,79.712,,999,,3.799,3.92,92.25947,0.0962,531668.5,*,1.242501,,,,,283.66,0.33,,,203.7533,-0.0006,1.00322112,-6.0015994,0.000377296,-4.8220873,0.00313787,28.772549,6.9459903,147.6857,/T,32.303,149.1,0.1821,0.0061,103.638,293.792,3.9715,Leo,69.185625,172.3617923,-6.0073698,,,262.849844,53.35176,,0,10.498,6.648,11.01,5.762,-20.705,398.59,12.427,1.8434,0.0000162,4.16,15.14,0.000012,241.3056,,32.3078,187.8908,-3.1234,8.849445107,27.94140796,-2.32562
13,99942 Apophis (2004 MN4),2029-Apr-13 20:05,2462240.337,19.7,0.25,,,169.02385,-1.33569,169.40661,-1.4996,-53522.3,43919.17,,,,,522206.98,-39146.6,78.493,,999,,3.779,3.949,91.58556,0.1073,526565.5,*,1.274845,,,,,284.73,0.35,,,203.7565,-0.0003,1.003209052,-6.0340903,0.000367723,-4.7225174,0.00305826,28.8000522,6.9724077,146.2682,/T,33.7204,147.5,0.1816,0.0062,104.699,293.411,3.44967,Leo,69.185625,170.8536263,-5.5723684,,,260.233924,53.44049,,0,10.603,6.727,11.093,5.884,-20.281,410.11,12.557,1.9161,0.0000176,4.31,15.68,0.000013,241.7622,,33.7251,187.134,-2.9084,8.624926183,25.4788754,-1.33569
14,99942 Apophis (2004 MN4),2029-Apr-13 20:10,2462240.34,19.7,0.25,,,167.75187,-0.2928,168.13511,-0.45593,-56338.4,46265.76,,,,,517677.446,-35393.88,77.304,,999,,3.762,3.979,90.84259,0.1198,521150.2,*,1.308156,,,,,285.73,0.38,,,203.7598,-0.0001,1.003196917,-6.0677116,0.00035836,-4.613893,0.00298039,28.829784,6.9995111,144.7639,/T,35.2245,145.9,0.1811,0.0063,105.698,292.949,2.89802,Leo,69.185625,169.2681643,-5.1102402,,,257.47187,53.471947,,0,10.694,6.795,11.156,6.007,-19.757,421.04,12.67,1.9918,0.0000192,4.46,16.22,0.000013,242.2533,,35.2291,186.3382,-2.6786,8.405300395,22.95347317,-0.2928
15,99942 Apophis (2004 MN4),2029-Apr-13 20:15,2462240.344,19.7,0.25,,,166.41273,0.80549,166.79661,0.64329,-59326.7,48716.01,,,,,512909.982,-31441.22,76.145,,999,,3.747,4.01,90.02384,0.1339,515406.6,*,1.342379,,,,,286.67,0.4,,,203.763,0.0001,1.003184715,-6.1024352,0.000349224,-4.4954056,0.0029044,28.8619233,7.027248,143.1685,/T,36.8198,144.2,0.1807,0.0064,106.63,292.39,2.31515,Leo,69.185625,167.6011637,-4.6194293,,,254.563667,53.436198,,0,10.767,6.853,11.195,6.129,-19.11,431.11,12.763,2.0703,0.000021,4.61,16.74,0.000014,242.7817,,36.8244,185.5013,-2.4327,8.191012503,20.36091095,0.80549
16,99942 Apophis (2004 MN4),2029-Apr-13 20:20,2462240.347,19.7,0.25,,,165.00185,1.96147,165.38656,1.80034,-62492.9,51261.02,,,,,507888.404,-27280.33,75.014,,999,,3.735,4.043,89.12215,0.1498,509318.7,*,1.377436,,,,,287.53,0.43,,,203.7662,0.0003,1.003172441,-6.1382122,0.000340336,-4.3662046,0.00283048,28.896655,7.0555477,141.4774,/T,38.5107,142.4,0.1802,0.0065,107.492,291.714,1.69978,Leo,69.185625,165.8483464,-4.0984218,,,251.51205,53.322432,,0,10.819,6.899,11.207,6.249,-18.314,440.02,12.831,2.1515,0.000023,4.74,17.23,0.000014,243.3503,,38.5152,184.6212,-2.1696,7.982546329,17.69660872,1.96147
17,99942 Apophis (2004 MN4),2029-Apr-13 20:25,2462240.351,19.7,0.25,,,163.51436,3.17718,163.90011,3.01729,-65840.9,53887.29,,,,,502595.516,-22903.83,73.91,,999,,3.725,4.077,88.13002,0.1677,502870.8,*,1.413219,,,,,288.32,0.46,,,203.7694,0.0005,1.003160095,-6.1749687,0.000331718,-4.225407,0.00275882,28.9341669,7.0843175,139.6863,/T,40.3017,140.5,0.1798,0.0066,108.277,290.898,1.05082,Leo,69.185625,164.005465,-3.5457938,,,248.323001,53.11909,,0,10.845,6.931,11.186,6.366,-17.332,447.44,12.871,2.2351,0.0000253,4.87,17.69,0.000015,243.9621,,40.306,183.696,-1.8879,7.780426517,14.95569649,3.17718
18,99942 Apophis (2004 MN4),2029-Apr-13 20:30,2462240.354,19.7,0.25,,,161.94512,4.45426,162.33215,4.2958,-69372.3,56575.7,,,,,497013.133,-18305.7,72.834,,999,,3.719,4.112,87.03963,0.1879,496047.8,*,1.449588,,,,,289.03,0.49,,,203.7727,0.0007,1.003147674,-6.2126011,0.000323396,-4.0721116,0.0026896,28.974646,7.1134399,137.7911,/T,42.1968,138.5,0.1794,0.0068,108.982,289.911,0.36741,Sex,69.185625,162.0683891,-2.9602703,,,245.006144,52.81408,,0,10.841,6.948,11.129,6.478,-16.116,452.96,12.877,2.3211,0.0000279,4.98,18.09,0.000015,244.6201,,42.201,182.7238,-1.5862,7.58521975,12.13303393,4.45426
19,99942 Apophis (2004 MN4),2029-Apr-13 20:35,2462240.358,19.7,0.25,,,160.2887,5.79384,160.67729,5.63702,-73085.8,59300.46,,,,,491122.146,-13481.8,71.784,,999,,3.716,4.149,85.84306,0.2104,488835.9,*,1.486366,,,,,289.66,0.52,,,203.7759,0.001,1.003135177,-6.250971,0.000315394,-3.905419,0.00262305,29.0182726,7.1427689,135.7878,/T,44.1999,136.4,0.1791,0.0069,109.6,288.713,-0.35097,Sex,69.185625,160.0332126,-2.340799,,,241.574981,52.395085,,0,10.803,6.95,11.031,6.582,-14.602,456.17,12.845,2.4089,0.0000308,5.07,18.43,0.000016,245.3274,,44.2041,181.7028,-1.2631,7.397535155,9.2231917,5.79384
20,99942 Apophis (2004 MN4),2029-Apr-13 20:40,2462240.361,19.7,0.25,,,158.53948,7.19638,158.92993,7.04143,-76975.8,62027.99,,,,,484902.631,-8430.42,70.759,,999,,3.718,4.187,84.53244,0.2356,481222.8,*,1.523332,,,,,290.19,0.55,,,203.7792,0.0012,1.003122602,-6.2899003,0.00030774,-3.7244582,0.0025594,29.0652138,7.1721271,133.673,/T,46.3145,134.1,0.1787,0.007,110.124,287.252,-1.1044,Leo,69.185625,157.8963844,-1.6866365,,,238.046895,51.849947,,0,10.723,6.937,10.889,6.674,-12.702,456.6,12.771,2.4981,0.0000341,5.14,18.67,0.000017,246.0869,,46.3185,180.6317,-0.9173,7.218023625,6.220549473,7.19638
21,99942 Apophis (2004 MN4),2029-Apr-13 20:45,2462240.365,19.7,0.25,,,156.69161,8.66143,157.08427,8.50862,-81031.8,64715.88,,,,,478334.026,-3153.04,69.758,,999,,3.725,4.227,83.10022,0.2637,473198.9,*,1.560218,,,,,290.61,0.58,,,203.7824,0.0014,1.003109949,-6.3291665,0.000300465,-3.5284203,0.00249889,29.115615,7.2013033,131.4441,/T,48.5433,131.8,0.1784,0.0072,110.546,285.46,-1.89241,Leo,69.185625,155.6548647,-0.9974491,,,234.442855,51.167142,,0,10.597,6.911,10.701,6.749,-10.296,453.79,12.651,2.5882,0.0000378,5.17,18.81,0.000017,246.9013,,48.5471,179.5093,-0.5472,7.047375717,3.119257245,8.66143
22,99942 Apophis (2004 MN4),2029-Apr-13 20:50,2462240.368,19.7,0.25,,,154.73919,10.18745,155.13441,10.03709,-85237.2,67312.11,,,,,471395.397,2344.93,68.78,,999,,3.737,4.269,81.53949,0.2948,464757.5,*,1.596709,,,,,290.93,0.62,,,203.7856,0.0016,1.003097217,-6.3684989,0.000293598,-3.3166007,0.00244178,29.1695893,7.2300507,129.0993,/T,50.8879,129.3,0.1781,0.0073,110.859,283.243,-2.71387,Leo,69.185625,153.306307,-0.2734253,,,230.78681,50.336305,,0,10.419,6.874,10.467,6.801,-7.217,447.29,12.482,2.6786,0.0000419,5.18,18.81,0.000018,247.7728,,50.8916,178.3349,-0.1515,6.886317773,-0.086585319,10.18745
23,99942 Apophis (2004 MN4),2029-Apr-13 20:55,2462240.372,19.7,0.25,,,152.67625,11.77161,153.07447,11.62401,-89567.8,69754.62,,,,,464065.8,8053.347,67.824,,999,,3.755,4.313,79.84438,0.329,455896.3,*,1.632436,,,,,291.13,0.65,,,203.7889,0.0018,1.003084406,-6.407576,0.000287172,-3.088448,0.00238834,29.2272065,7.2580863,126.6379,/T,53.3492,126.8,0.1778,0.0075,111.053,280.47,-3.56685,Leo,69.185625,150.8492628,0.4846043,,,227.10479,49.348791,,0,10.183,6.833,10.192,6.82,-3.247,436.71,12.263,2.7684,0.0000464,5.14,18.67,0.000018,248.7033,,53.3527,177.1084,0.2711,6.735605888,-3.402947547,11.77161
24,99942 Apophis (2004 MN4),2029-Apr-13 21:00,2462240.375,19.7,0.25,,,150.49703,13.40948,150.89867,13.26502,-93991.4,71971.48,,,,,456324.783,13956.464,66.889,,999,,3.78,4.358,78.01051,0.3666,446617.9,*,1.666982,,,,,291.2,0.69,,,203.7922,0.002,1.003071518,-6.4460254,0.000281221,-2.8436204,0.00233884,29.2884803,7.2850932,124.0605,/T,55.9264,124.1,0.1776,0.0076,111.119,276.953,-4.44851,Leo,69.185625,148.2834051,1.2750463,,,223.423791,48.19822,,0,9.883,6.794,9.886,6.79,1.875,421.78,11.993,2.8567,0.0000514,5.05,18.35,0.000019,249.6938,,55.9297,175.8304,0.7217,6.596017405,-6.835589775,13.40948
25,99942 Apophis (2004 MN4),2029-Apr-13 21:05,2462240.378,19.7,0.25,,,148.19603,15.09489,148.60159,14.95396,-98465.7,73881.92,,,,,448153.035,20032.166,65.975,,999,,3.813,4.405,76.03549,0.4074,436930.9,*,1.699886,,,,,291.14,0.73,,,203.7954,0.0023,1.003058553,-6.4834264,0.000275777,-2.5820453,0.00229357,29.3533553,7.3107235,121.3697,/T,58.6171,121.3,0.1773,0.0078,111.047,272.418,-5.35502,Leo,69.185625,145.609762,2.0954318,,,219.770547,46.880975,,0,9.516,6.767,9.568,6.694,8.367,402.43,11.677,2.9425,0.0000569,4.91,17.84,0.00002,250.7444,,58.6201,174.5023,1.2013,6.468339655,-10.390012,15.09489
26,99942 Apophis (2004 MN4),2029-Apr-13 21:10,2462240.382,19.7,0.25,,,145.76836,16.8197,146.17833,16.68275,-102939,75398.5,,,,,439533.215,26251.307,65.079,,999,,3.853,4.454,73.91944,0.4514,426850.8,*,1.730651,,,,,290.93,0.76,,,203.7987,0.0025,1.003045515,-6.5193167,0.000270875,-2.3039795,0.0022528,29.4216946,7.3346062,118.5697,/T,61.417,118.4,0.1771,0.0079,110.827,266.462,-6.28148,Leo,69.185625,142.8309474,2.9423245,,,216.170345,45.396608,,0,9.081,6.763,9.265,6.508,16.189,378.88,11.323,3.0247,0.0000628,4.72,17.14,0.00002,251.8543,,61.4198,173.1263,1.7105,6.353355873,-14.07110423,16.8197
27,99942 Apophis (2004 MN4),2029-Apr-13 21:15,2462240.385,19.7,0.25,,,143.20995,18.57371,143.62486,18.44122,-107347,76430.44,,,,,430450.975,32577.288,64.201,,999,,3.903,4.505,71.66549,0.4983,416400.6,*,1.758756,,,,,290.55,0.79,,,203.802,0.0027,1.003032407,-6.5532025,0.000266546,-2.0100645,0.0022168,29.4932701,7.3563565,115.6668,/T,64.3197,115.4,0.1769,0.0081,110.449,258.499,-7.22191,Leo,69.185625,139.9513722,3.8112656,,,212.645994,43.748115,,0,8.578,6.792,9.002,6.219,24.807,351.78,10.942,3.102,0.0000691,4.47,16.23,0.000021,253.0211,,64.3222,171.7056,2.2498,6.251828359,-17.8829368,18.57371
28,99942 Apophis (2004 MN4),2029-Apr-13 21:20,2462240.389,19.7,0.25,,,140.51794,20.34463,140.93833,20.21711,-111618,76888.43,,,,,420896.172,38965.965,63.34,,999,,3.963,4.559,69.28019,0.5479,405611.5,*,1.783677,,,,,290.02,0.82,,,203.8053,0.0029,1.003019233,-6.5845745,0.000262822,-1.7013694,0.00218583,29.5677548,7.3755888,112.6698,/T,67.3165,112.3,0.1767,0.0082,109.904,247.761,-8.16932,Leo,69.185625,136.9774146,4.6967682,,,209.217052,41.942064,,0,8.015,6.865,8.793,5.835,33.345,322.38,10.553,3.1734,0.0000758,4.16,15.13,0.000021,254.241,,67.3188,170.2446,2.8192,6.164479319,-21.82836902,20.34463
29,99942 Apophis (2004 MN4),2029-Apr-13 21:25,2462240.392,19.7,0.25,,,137.69106,22.11816,138.11744,21.99615,-115669,76690.56,,,,,410864.265,45366.016,62.494,,999,,4.033,4.614,66.77378,0.5997,394522.8,*,1.804908,,,,,289.31,0.85,,,203.8086,0.0031,1.003006,-6.6129268,0.000259731,-1.3794152,0.00216012,29.6447221,7.3919331,109.5897,/T,70.3966,109.1,0.1766,0.0084,109.185,233.561,-9.11581,Cnc,69.185625,133.9175274,5.5923788,,,205.899367,39.988552,,0,7.407,6.985,8.632,5.398,41.157,292.75,10.181,3.2374,0.0000828,3.81,13.86,0.000022,255.5087,,70.3985,168.7485,3.4183,6.09197008,-25.90867125,22.11816
30,99942 Apophis (2004 MN4),2029-Apr-13 21:30,2462240.396,19.7,0.25,,,134.73006,23.87827,135.16293,23.76235,-119412,75769.14,,,,,400357.837,51719.834,61.663,,999,,4.114,4.672,64.16032,0.653,383182,*,1.821982,,,,,288.41,0.87,,,203.8119,0.0034,1.002992713,-6.6377801,0.000257297,-1.0461729,0.00213987,29.7236496,7.4050516,106.4394,/T,73.5467,105.9,0.1765,0.0085,108.285,216.151,-10.05282,Cnc,69.185625,130.7822573,6.4908124,,,202.704921,37.900981,,0,6.779,7.152,8.506,4.976,48.135,265.93,9.855,3.293,0.00009,3.43,12.47,0.000022,256.8174,,73.5483,167.2238,4.0462,6.034879765,-30.12309348,23.87827
31,99942 Apophis (2004 MN4),2029-Apr-13 21:35,2462240.399,19.7,0.25,,,131.63818,25.60762,132.07796,25.49837,-122752,74077.79,,,,,389388.159,57965.013,60.845,,999,,4.206,4.733,61.45745,0.7071,371643.6,*,1.834505,,,,,287.34,0.89,,,203.8152,0.0036,1.00297938,-6.6587061,0.000255541,-0.7040304,0.00212527,29.8039317,7.4146577,103.2343,/T,76.7517,102.6,0.1764,0.0086,107.199,197.645,-10.97138,Cnc,69.185625,127.5841583,7.3841654,,,199.641947,35.695681,,0,6.175,7.358,8.401,4.658,54.556,245.87,9.606,3.3392,0.0000973,3.04,11.04,0.000022,258.1588,,76.753,165.6777,4.7017,5.99368477,-34.46839605,25.60762
32,99942 Apophis (2004 MN4),2029-Apr-13 21:40,2462240.403,19.7,0.25,,,128.42152,27.2881,128.86858,27.18612,-125600,71597.9,,,,,377976.664,64036.393,60.04,,999,,4.31,4.796,58.68602,0.7611,359968,*,1.842171,,,,,286.07,0.91,,,203.8185,0.0038,1.002966009,-6.6753514,0.000254477,-0.355727,0.00211642,29.8848982,7.4205322,99.9911,/T,79.9947,99.3,0.1763,0.0087,105.928,180.941,-11.86252,Cnc,69.185625,124.3375871,8.2641972,,,196.71525,33.391365,,0,5.66,7.587,8.311,4.531,60.869,236.62,9.466,3.3751,0.0001047,2.66,9.66,0.000023,259.5233,,79.9958,164.118,5.3829,5.968740563,-38.93847827,27.2881
33,99942 Apophis (2004 MN4),2029-Apr-13 21:45,2462240.406,19.7,0.25,,,125.08944,28.90156,125.54402,28.80743,-127866,68343.46,,,,,366156.158,69868.601,59.247,,999,,4.426,4.862,55.86938,0.8141,348220.2,*,1.84479,,,,,284.63,0.92,,,203.8219,0.004,1.00295261,-6.6874583,0.000254116,-0.0042569,0.00211342,29.9658397,7.422537,96.7278,/T,83.2579,95.9,0.1762,0.0089,104.473,167.464,-12.7176,Cnc,69.185625,121.0583776,9.1226632,,,193.926656,31.008475,,0,5.318,7.819,8.236,4.646,67.65,240.44,9.456,3.4002,0.0001118,2.34,8.5,0.000023,260.9005,,83.2586,162.5534,6.088,5.960267316,-43.5239805,28.90156
34,99942 Apophis (2004 MN4),2029-Apr-13 21:50,2462240.41,19.7,0.25,,,121.65472,30.43059,122.11691,30.34487,-129478,64363.48,,,,,353971.552,75398.879,58.464,,999,,4.555,4.931,53.03242,0.8653,336467.2,*,1.842295,,,,,283.01,0.92,,,203.8252,0.0042,1.002939191,-6.6948799,0.00025446,0.3472511,0.00211628,30.0460367,7.4206242,93.4631,/T,86.5225,92.5,0.1762,0.009,102.841,157,-13.52875,Gem,69.185625,117.7634101,9.95167,,,191.275523,28.568443,,0,5.234,8.031,8.19,4.981,75.689,256.35,9.586,3.414,0.0001188,2.13,7.74,0.000023,262.2794,,86.523,160.9924,6.8143,5.96834066,-48.21212273,30.43059
35,99942 Apophis (2004 MN4),2029-Apr-13 21:55,2462240.413,19.7,0.25,,,118.1336,31.85935,118.60333,31.78254,-130375,59741.17,,,,,341479.921,80569.999,57.69,,999,,4.695,5.003,50.20058,0.9137,324775.8,*,1.834748,,,,,281.22,0.92,,,203.8286,0.0044,1.002925761,-6.6975885,0.000255507,0.6956665,0.00212498,30.1247908,7.4148397,90.2155,/T,89.77,89.2,0.1762,0.0091,101.044,148.787,-14.2892,Gem,69.185625,114.4700984,10.7440199,,,188.759257,26.092933,,0,5.458,8.2,8.211,5.442,86.101,280.74,9.85,3.4166,0.0001253,2.07,7.53,0.000023,263.649,,89.7702,159.4437,7.5594,5.992888456,-52.98666496,31.85935
36,99942 Apophis (2004 MN4),2029-Apr-13 22:00,2462240.417,19.7,0.25,,,114.54552,33.17428,115.02256,33.10683,-130521,54589.82,,,,,328749.722,85332.962,56.925,,999,,4.848,5.078,47.39873,0.9586,313211,*,1.82234,,,,,279.28,-0.91,,,203.8319,0.0046,1.002912331,-6.6956747,0.000257246,1.0379903,0.00213945,30.2014535,7.4053194,87.0031,/T,92.9824,85.9,0.1762,0.0092,99.095,142.138,-14.99355,Gem,69.185625,111.1958345,11.4935101,,,186.373798,23.603092,,0,5.969,8.307,8.368,5.884,-80.239,309.33,10.229,3.4083,0.0001314,2.17,7.88,0.000023,264.9987,,92.9822,157.9157,8.3204,6.033693879,-57.82816753,33.17428
37,99942 Apophis (2004 MN4),2029-Apr-13 22:05,2462240.42,19.7,0.25,,,110.91267,34.36476,111.39658,34.30705,-129905,49045.5,,,,,315859.067,89649.219,56.168,,999,,5.011,5.156,44.65012,0.9993,301833.4,*,1.805372,,,,,277.2,-0.9,,,203.8353,0.0048,1.00289891,-6.6893391,0.000259664,1.3714759,0.00215956,30.2754513,7.3922808,83.8426,/T,96.1428,82.7,0.1762,0.0093,97.014,136.562,-15.63795,Gem,69.185625,107.957433,12.195159,,,184.114049,21.118899,,0,6.7,8.335,8.738,6.166,-64.946,338.49,10.694,3.3894,0.0001369,2.38,8.65,0.000023,266.3188,,96.1423,156.4161,9.0946,6.090404522,-62.71443976,34.36476
38,99942 Apophis (2004 MN4),2029-Apr-13 22:10,2462240.424,19.7,0.25,,,107.25919,35.4235,107.74938,35.37579,-128539,43257.61,,,,,302893.11,93492.188,55.418,,999,,5.186,5.238,41.97561,1.0353,290697.4,*,1.784237,,,,,275.02,-0.88,,,203.8387,0.005,1.002885505,-6.6788768,0.00026274,1.6937261,0.00218514,30.3463038,7.3760093,80.7493,/T,99.236,79.5,0.1762,0.0094,94.822,131.737,-16.22015,Aur,69.185625,104.7706205,12.8453409,,,181.974233,18.658609,,0,7.567,8.277,9.312,6.249,-51.826,365.6,11.214,3.3608,0.0001418,2.65,9.64,0.000022,267.6005,,99.2352,154.9519,9.8793,6.16254666,-67.62134198,35.4235
39,99942 Apophis (2004 MN4),2029-Apr-13 22:15,2462240.427,19.7,0.25,,,103.61027,36.34674,104.10597,36.30919,-126465,37378.39,,,,,289940.732,96847.932,54.675,,999,,5.37,5.324,39.39292,1.0663,279850.5,*,1.759399,,,,,272.74,-0.86,,,203.8421,0.0052,1.002872125,-6.6646575,0.000266449,2.0027593,0.00221599,30.4136354,7.3568414,77.7363,/T,102.249,76.4,0.1763,0.0095,92.543,127.456,-16.7395,Aur,69.185625,101.6496066,13.4418234,,,179.948189,16.238361,,0,8.498,8.128,9.997,6.192,-42.137,388.95,11.76,3.3234,0.0001459,2.94,10.68,0.000022,268.8368,,102.2479,153.529,10.672,6.249543371,-72.52368421,36.34674
40,99942 Apophis (2004 MN4),2029-Apr-13 22:20,2462240.431,19.7,0.25,,,99.99103,37.13419,100.49138,37.10684,-123745,31552.76,,,,,277090.808,99714.964,53.937,,999,,5.565,5.412,36.91637,1.0922,269332.1,*,1.731365,,,,,270.4,-0.84,,,203.8455,0.0054,1.002858777,-6.6471025,0.000270763,2.2970437,0.00225187,30.4771776,7.3351469,74.8145,/T,105.1707,73.4,0.1764,0.0095,90.201,123.585,-17.19674,Aur,69.185625,98.6067626,13.9837162,,,178.029593,13.871926,,0,9.44,7.894,10.713,6.055,-34.967,407.59,12.306,3.2782,0.0001494,3.21,11.68,0.000022,270.0219,,105.1693,152.1525,11.4703,6.350735031,-77.39634678,37.13419
41,99942 Apophis (2004 MN4),2029-Apr-13 22:25,2462240.434,19.7,0.25,,,96.42554,37.78871,96.92958,37.77151,-120459,25909.67,,,,,264428.469,102103.261,53.203,,999,,5.767,5.504,34.5567,1.113,259173.3,*,1.700659,,,,,268.03,-0.81,,,203.8489,0.0056,1.002845467,-6.6266621,0.000275652,2.5754994,0.00229253,30.5367661,7.3113109,71.9926,/T,107.9925,70.5,0.1765,0.0096,87.821,120.038,-17.59387,Aur,69.185625,95.6524217,14.471345,,,176.212136,11.570611,,0,10.352,7.583,11.408,5.874,-29.356,421.08,12.832,3.2263,0.0001522,3.46,12.57,0.000022,271.1516,,107.9909,150.8261,12.2722,6.465400633,-82.21525901,37.78871
42,99942 Apophis (2004 MN4),2029-Apr-13 22:30,2462240.438,19.7,0.25,,,92.9358,38.31593,93.44255,38.3087,-116702,20555.99,,,,,252031.73,104032.66,52.474,,999,,5.978,5.6,32.32117,1.1287,249397.1,*,1.667801,,,,,265.64,-0.78,,,203.8523,0.0058,1.002832201,-6.6037945,0.000281083,2.8374752,0.0023377,30.5923319,7.2857184,69.277,/T,110.7081,67.7,0.1766,0.0097,85.427,116.76,-17.93382,Aur,69.185625,92.7947983,14.9060759,,,174.489644,9.343287,,0,11.207,7.206,12.059,5.667,-24.719,429.4,13.324,3.1689,0.0001543,3.67,13.32,0.000021,272.2233,,110.7062,149.5527,13.0759,6.592778591,-86.95842124,38.31593
43,99942 Apophis (2004 MN4),2029-Apr-13 22:35,2462240.441,19.7,0.25,,,89.541,38.72363,90.04948,38.72612,-112573,15573.11,,,,,239968.815,105530.855,51.749,,999,,6.195,5.698,30.21387,1.1398,240018.8,*,1.633289,,,,,263.25,-0.75,,,203.8557,0.006,1.002818983,-6.5789486,0.000287022,3.0827055,0.00238709,30.6438886,7.2587411,66.6719,/T,113.3131,65,0.1768,0.0098,83.039,113.714,-18.22029,Aur,69.185625,90.0400151,15.2901114,,,172.85616,7.196527,,0,11.987,6.781,12.65,5.445,-20.729,432.82,13.773,3.1069,0.0001557,3.83,13.91,0.000021,273.2356,,113.311,148.3343,13.8799,6.732085961,-91.60664347,38.72363
44,99942 Apophis (2004 MN4),2029-Apr-13 22:40,2462240.444,19.7,0.25,,,86.25704,39.02116,86.76633,39.03303,-108171,11016.3,,,,,228296.363,106631.233,51.028,,999,,6.418,5.8,28.23609,1.1465,231046.9,*,1.597586,,,,,260.89,-0.72,,,203.8591,0.0062,1.002805816,-6.5525496,0.000293437,3.3112558,0.00244044,30.6915186,7.230727,64.1797,/T,115.8053,62.4,0.177,0.0098,80.677,110.876,-18.4574,Aur,69.185625,87.3922167,15.6262797,,,171.306005,5.134807,,0,12.682,6.325,13.177,5.215,-17.2,431.76,14.172,3.0416,0.0001566,3.95,14.35,0.00002,274.1883,,115.803,147.1716,14.683,6.882535329,-96.1440257,39.02116
45,99942 Apophis (2004 MN4),2029-Apr-13 22:45,2462240.448,19.7,0.25,,,83.09631,39.21886,83.60554,39.2397,-103592,6916.339,,,,,217058.591,107370.748,50.309,,999,,6.646,5.904,26.38676,1.1492,222483.8,*,1.56111,,,,,258.56,-0.69,,,203.8626,0.0064,1.002792703,-6.5249895,0.000300293,3.5234622,0.00249746,30.7353577,7.2019941,61.8011,/T,118.1839,59.9,0.1772,0.0099,78.354,108.227,-18.64957,Aur,69.185625,84.8537479,15.9178353,,,169.833805,3.160763,,0,13.287,5.854,13.638,4.98,-14.023,426.78,14.519,2.9737,0.0001569,4.03,14.65,0.00002,275.0823,,118.1814,146.0651,15.4842,7.043348976,-100.5581783,39.21886
46,99942 Apophis (2004 MN4),2029-Apr-13 22:50,2462240.451,19.7,0.25,,,80.06767,39.32748,80.57609,39.35685,-98920,3282.715,,,,,206287.311,107788.006,49.592,,999,,7,6,24.66292,1.1483,214326.8,*,1.52423,,,,,256.29,-0.66,,,203.866,0.0066,1.002779647,-6.4966209,0.000307559,3.7198716,0.00255789,30.7755813,7.1728261,59.5352,/T,120.4497,57.6,0.1774,0.0099,76.085,105.756,-18.80126,Aur,69.185625,82.4253712,16.1682809,,,168.43451,1.275461,,0,13.801,5.387,14.034,4.745,-11.127,418.46,14.815,2.9041,0.0001567,4.07,14.81,0.000019,275.919,,120.447,145.0141,16.2828,7.213770187,-104.8402405,39.32748
47,99942 Apophis (2004 MN4),2029-Apr-13 22:55,2462240.455,19.7,0.25,,,77.17667,39.3578,77.68364,39.39523,-94231.7,107.6397,,,,,196002.668,107921.651,48.878,,999,,7,6,23.06018,1.1443,206569.1,*,1.487263,,,,,254.08,-0.63,,,203.8695,0.0068,1.002766647,-6.4677544,0.000315203,3.9011857,0.00262147,30.8123918,7.1434706,57.3803,/T,122.6046,55.4,0.1776,0.01,73.877,103.45,-18.91686,Aur,69.185625,80.1065036,16.3812174,,,167.103393,-0.521335,,0,14.228,4.939,14.369,4.512,-8.47,407.38,15.061,2.8336,0.0001561,4.09,14.85,0.000019,276.7006,,122.6017,144.0178,17.0782,7.393071836,-108.9846627,39.3578
48,99942 Apophis (2004 MN4),2029-Apr-13 23:00,2462240.458,19.7,0.25,,,74.42595,39.32022,74.93092,39.36522,-89589.4,-2629.64,,,,,186214.364,107809.113,48.165,,999,,7,6,21.57308,1.1376,199200.7,*,1.450479,,,,,251.94,-0.6,,,203.8729,0.007,1.002753707,-6.4386578,0.000323197,4.0682113,0.00268795,30.8460079,7.1141398,55.3335,/T,124.6513,53.2,0.1779,0.0101,71.737,101.301,-19.00058,Aur,69.185625,77.8954548,16.5602244,,,165.836049,-2.230904,,0,14.573,4.527,14.647,4.283,-6.018,394.12,15.26,2.7629,0.0001551,4.07,14.79,0.000018,277.4296,,124.6484,143.0747,17.8701,7.580562462,-112.988805,39.32022
49,99942 Apophis (2004 MN4),2029-Apr-13 23:05,2462240.462,19.7,0.25,,,71.81561,39.22455,72.31816,39.27663,-85043.6,-4958.8,,,,,176923.181,107485.688,47.454,,999,,8,6,20.1955,1.1285,192208.9,*,1.414098,,,,,249.87,-0.57,,,203.8764,0.0071,1.002740824,-6.4095579,0.000331512,4.2218184,0.0027571,30.8766552,7.0850116,53.3914,/T,126.5935,51.2,0.1782,0.0101,69.669,99.299,-19.05637,Per,69.185625,75.789654,16.7087708,,,164.628378,-3.855335,,0,14.843,4.164,14.873,4.058,-3.749,379.18,15.416,2.6924,0.0001538,4.03,14.65,0.000018,278.1086,,126.5904,142.1832,18.6582,7.7755902,-116.8525675,39.22455
50,99942 Apophis (2004 MN4),2029-Apr-13 23:10,2462240.465,19.7,0.25,,,69.34374,39.07983,69.84352,39.13851,-80633.4,-6914.9,,,,,168122.594,106983.957,46.745,,999,,8,6,18.92091,1.1175,185579.5,*,1.378299,,,,,247.87,-0.54,,,203.8798,0.0073,1.002728,-6.3806435,0.000340122,4.362906,0.00282871,30.9045598,7.0562328,51.5499,/T,128.4349,49.3,0.1785,0.0102,67.674,97.435,-19.08787,Per,69.185625,73.7858575,16.8301504,,,163.476576,-5.397321,,0,15.046,3.861,15.052,3.838,-1.644,363.02,15.534,2.6226,0.0001523,3.97,14.44,0.000017,278.7408,,128.4317,141.3414,19.4423,7.977544919,-120.5778598,39.07983
51,99942 Apophis (2004 MN4),2029-Apr-13 23:15,2462240.469,19.7,0.25,,,67.00678,38.89425,67.50356,38.95906,-76387.3,-8535.56,,,,,159800.365,106333.452,46.036,,999,,8,7,17.74261,1.1049,179297,*,1.343224,,,,,245.95,-0.51,,,203.8833,0.0075,1.002715233,-6.3520683,0.000349004,4.4923755,0.00290258,30.929943,7.0279216,49.8047,/T,130.1801,47.5,0.1788,0.0102,65.753,95.701,-19.09841,Per,69.185625,71.880331,16.9274409,,,162.377114,-6.859988,,0,15.189,3.627,15.189,3.626,0.313,346.02,15.616,2.5538,0.0001505,3.9,14.17,0.000017,279.3289,,130.1768,140.5471,20.2225,8.185858932,-124.168242,38.89425
52,99942 Apophis (2004 MN4),2029-Apr-13 23:20,2462240.472,19.7,0.25,,,64.80002,38.67512,65.29363,38.74562,-72324.7,-9858.72,,,,,151939.997,105560.544,45.329,,999,,8,7,16.65392,1.091,173345.2,*,1.30898,,,,,244.09,-0.49,,,203.8867,0.0077,1.002702523,-6.3239554,0.000358134,4.6111106,0.00297851,30.9530171,7.0001711,48.1514,/T,131.8333,45.7,0.1792,0.0103,63.905,94.088,-19.09098,Per,69.185625,70.069007,17.0034807,,,161.326722,-8.246747,,0,15.279,3.464,15.289,3.42,2.133,328.52,15.667,2.4864,0.0001486,3.81,13.86,0.000017,279.8761,,131.8299,139.7982,20.9987,8.400006607,-127.6284242,38.67512
53,99942 Apophis (2004 MN4),2029-Apr-13 23:25,2462240.476,19.7,0.25,,,62.71791,38.42886,63.20824,38.50463,-68457.5,-10921.1,,,,,144522.008,104688.481,44.622,,999,,9,7,15.64828,1.076,167707.6,*,1.275647,,,,,242.31,-0.46,,,203.8902,0.0079,1.002689869,-6.2964011,0.000367492,4.7199628,0.00305634,30.9739834,6.9730527,46.5855,/T,133.3993,44.1,0.1795,0.0103,62.127,92.589,-19.06825,Per,69.185625,68.3476146,17.0608595,,,160.322371,-9.561178,,0,15.324,3.373,15.357,3.221,3.829,310.8,15.691,2.4206,0.0001465,3.72,13.52,0.000016,280.3851,,133.3958,139.0926,21.771,8.619503178,-130.9639564,38.42886
54,99942 Apophis (2004 MN4),2029-Apr-13 23:30,2462240.479,19.7,0.25,,,60.75438,38.16109,61.24139,38.24173,-64791.7,-11757.3,,,,,137525.001,103737.538,43.916,,999,,9,7,14.71942,1.0603,162367.9,*,1.243279,,,,,240.6,-0.44,,,203.8937,0.008,1.00267727,-6.2694783,0.000377059,4.8197417,0.00313591,30.9930307,6.9466191,45.1022,/T,134.8826,42.5,0.1799,0.0104,60.417,91.194,-19.03257,Per,69.185625,66.7117865,17.1019197,,,159.361254,-10.806933,,0,15.331,3.347,15.397,3.029,5.41,293.07,15.692,2.3564,0.0001443,3.62,13.15,0.000016,280.8587,,134.879,138.4281,22.5395,8.84390298,-134.180909,38.16109
55,99942 Apophis (2004 MN4),2029-Apr-13 23:35,2462240.483,19.7,0.25,,,58.90306,37.87664,59.38673,37.96178,-61328.2,-12399,,,,,130926.534,102725.225,43.211,,999,,9,7,13.86133,1.0439,157309.8,*,1.211913,,,,,238.95,-0.42,,,203.8972,0.0082,1.002664724,-6.2432406,0.000386818,4.911209,0.00321707,31.010334,6.9209071,43.6972,/T,136.2876,41,0.1803,0.0104,58.772,89.897,-18.98602,Per,69.185625,65.1571429,17.1287644,,,158.440771,-11.987665,,0,15.304,3.376,15.412,2.845,6.887,275.51,15.672,2.2942,0.000142,3.51,12.77,0.000015,281.2996,,136.2839,137.8026,23.3042,9.072797329,-137.2856512,37.87664
56,99942 Apophis (2004 MN4),2029-Apr-13 23:40,2462240.486,19.7,0.25,,,57.15749,37.57964,57.63787,37.66895,-58064.5,-12874.8,,,,,124703.797,101666.541,42.506,,999,,9,7,13.06838,1.0272,152517.5,*,1.181567,,,,,237.36,-0.4,,,203.9006,0.0084,1.00265223,-6.217725,0.000396753,4.9950755,0.00329969,31.0260549,6.8959407,42.366,/T,137.6188,39.6,0.1808,0.0105,57.187,88.69,-18.93043,Per,69.185625,63.679357,17.1432708,,,157.558513,-13.106972,,0,15.251,3.447,15.406,2.668,8.268,258.26,15.636,2.2338,0.0001397,3.41,12.38,0.000015,281.7102,,137.615,137.2139,24.0654,9.305812181,-140.2846435,37.57964
57,99942 Apophis (2004 MN4),2029-Apr-13 23:45,2462240.49,19.7,0.25,,,55.51128,37.27363,55.98841,37.36678,-54995.4,-13210,,,,,118834.135,100574.233,41.802,,999,,9,7,12.33529,1.0101,147976,*,1.152247,,,,,235.83,-0.38,,,203.9041,0.0086,1.002639786,-6.1929553,0.000406849,5.0719995,0.00338366,31.0403417,6.8717326,41.1044,/T,138.8803,38.3,0.1812,0.0105,55.659,87.566,-18.86736,Per,69.185625,62.2742042,17.147106,,,156.712245,-14.168359,,0,15.175,3.549,15.383,2.498,9.561,241.43,15.585,2.1754,0.0001373,3.3,11.98,0.000015,282.0929,,138.8765,136.6602,24.8231,9.542605697,-143.1842757,37.27363
58,99942 Apophis (2004 MN4),2029-Apr-13 23:50,2462240.493,19.7,0.25,,,53.95817,36.96155,54.43213,37.05826,-52113.7,-13427,,,,,113295.421,99459.064,41.098,,999,,10,7,11.65717,0.9929,143670.5,*,1.123949,,,,,234.35,-0.36,,,203.9076,0.0087,1.002627391,-6.168944,0.000417092,5.1425883,0.00346885,31.0533295,6.8482871,39.9085,/T,140.0763,37,0.1817,0.0106,54.185,86.519,-18.79819,Per,69.185625,60.9375977,17.1417444,,,155.899892,-15.175203,,0,15.081,3.672,15.345,2.335,10.772,225.1,15.521,2.119,0.0001349,3.19,11.59,0.000014,282.4498,,140.0725,136.1395,25.5775,9.782865803,-145.9908083,36.96155
59,99942 Apophis (2004 MN4),2029-Apr-13 23:55,2462240.497,19.7,0.25,,,52.49214,36.64589,52.96302,36.7459,-49411,-13545.2,,,,,108066.324,98330.053,40.395,,999,,10,7,11.02947,0.9757,139587.2,*,1.096659,,,,,232.92,-0.34,,,203.9111,0.0089,1.002615044,-6.1456946,0.000427471,5.2073988,0.00355517,31.0651413,6.8256013,38.7742,/T,141.2105,35.8,0.1822,0.0106,52.762,85.543,-18.7241,Per,69.185625,59.6656132,17.1284856,,,155.119529,-16.130741,,0,14.971,3.808,15.294,2.178,11.908,209.31,15.448,2.0646,0.0001326,3.08,11.2,0.000014,282.783,,141.2066,135.6499,26.3287,10.0263078,-148.7102605,36.64589
60,99942 Apophis (2004 MN4),2029-Apr-14 00:00,2462240.5,19.7,0.25,,,51.10745,36.32872,51.57535,36.43178,-46878.2,-13581.5,,,,,103126.487,97194.715,39.692,,999,,10,8,10.44803,0.9585,135713.1,*,1.070359,,,,,231.54,-0.33,,,203.9146,0.0091,1.002602742,-6.1232037,0.000437975,5.266941,0.00364253,31.0758888,6.8036666,37.6981,/T,142.2866,34.6,0.1827,0.0107,51.385,84.632,-18.64611,Per,69.185625,58.4545049,17.1084717,,,154.369367,-17.038052,,0,14.85,3.95,15.232,2.028,12.975,194.11,15.366,2.0122,0.0001302,2.98,10.81,0.000013,283.0942,,142.2828,135.1899,27.0768,10.27267207,-151.3483727,36.32872
61,99942 Apophis (2004 MN4),2029-Apr-14 00:05,2462240.503,19.7,0.25,,,49.79866,36.01174,50.2637,36.11763,-44505.7,-13550.2,,,,,98456.631,96059.264,38.989,,999,,10,8,9.909,0.9415,132035.6,*,1.045023,,,,,230.2,-0.31,,,203.9181,0.0092,1.002590485,-6.1014621,0.000448593,5.3216798,0.00373084,31.0856731,6.7824701,36.6765,/T,143.3082,33.5,0.1833,0.0107,50.051,83.781,-18.56508,Per,69.185625,57.3007143,17.0827041,,,153.64774,-17.900053,,0,14.719,4.094,15.161,1.884,13.979,179.51,15.278,1.9617,0.0001278,2.87,10.44,0.000013,283.3852,,143.3042,134.7576,27.8219,10.52172191,-153.910585,36.01174
62,99942 Apophis (2004 MN4),2029-Apr-14 00:10,2462240.507,19.7,0.25,,,48.56068,35.69635,49.02295,35.80486,-42284,-13463.7,,,,,94038.61,94928.801,38.287,,999,,11,8,9.40888,0.9246,128543,*,1.020625,,,,,228.91,-0.3,,,203.9215,0.0094,1.002578271,-6.0804564,0.000459317,5.3720386,0.00382002,31.0945853,6.7619956,35.7064,/T,144.2783,32.5,0.1838,0.0108,48.758,82.985,-18.48176,Per,69.185625,56.2008742,17.052059,,,152.953101,-18.7195,,0,14.582,4.236,15.084,1.747,14.925,165.53,15.185,1.9131,0.0001255,2.77,10.07,0.000013,283.6576,,144.2744,134.3518,28.564,10.77324151,-156.4019872,35.69635
63,99942 Apophis (2004 MN4),2029-Apr-14 00:15,2462240.51,19.7,0.25,,,47.38869,35.38369,47.84831,35.49463,-40203.6,-13332.4,,,,,89855.424,93807.481,37.586,,999,,11,8,8.94445,0.9079,125224.5,*,0.997135,,,,,227.65,-0.28,,,203.925,0.0096,1.002566098,-6.0601698,0.000470137,5.4184024,0.00391001,31.1027079,6.7422244,34.7846,/T,145.2001,31.5,0.1844,0.0109,47.502,82.241,-18.39679,Per,69.185624,55.1518083,17.0173018,,,152.284004,-19.498984,,0,14.439,4.374,15,1.614,15.817,152.15,15.087,1.8664,0.0001232,2.67,9.71,0.000012,283.9127,,145.1962,133.9708,29.3034,11.02703405,-158.8273998,35.38369
64,99942 Apophis (2004 MN4),2029-Apr-14 00:20,2462240.514,19.7,0.25,,,46.27825,35.07467,46.73533,35.18787,-38255.2,-13165.2,,,,,85891.208,92698.655,36.885,,999,,11,8,8.51277,0.8916,122069.6,*,0.974521,,,,,226.43,-0.27,,,203.9285,0.0097,1.002553965,-6.0405833,0.000481047,5.4611208,0.00400075,31.1101152,6.7231361,33.9082,/T,146.0765,30.6,0.185,0.0109,46.282,81.544,-18.31071,Per,69.185624,54.1505276,16.9790997,,,151.639104,-20.240938,,0,14.293,4.506,14.912,1.488,16.659,139.39,14.986,1.8214,0.0001209,2.58,9.37,0.000012,284.152,,146.0725,133.6135,30.04,11.28291999,-161.191262,35.07467
65,99942 Apophis (2004 MN4),2029-Apr-14 00:25,2462240.517,19.7,0.25,,,45.2252,34.77002,45.67984,34.88533,-36429.9,-12969.6,,,,,82131.196,91604.997,36.185,,999,,11,8,8.11117,0.8755,119068.7,*,0.952751,,,,,225.23,-0.26,,,203.932,0.0099,1.00254187,-6.0216759,0.000492039,5.5005112,0.00409216,31.1168743,6.7047089,33.0746,/T,146.91,29.6,0.1857,0.011,45.093,80.889,-18.22397,Per,69.185624,53.1942249,16.9380342,,,151.017146,-20.947642,,0,14.144,4.633,14.82,1.366,17.456,127.22,14.883,1.7782,0.0001187,2.49,9.03,0.000012,284.3767,,146.9061,133.2785,30.7738,11.54073544,-163.4977342,34.77002
66,99942 Apophis (2004 MN4),2029-Apr-14 00:30,2462240.521,19.7,0.25,,,44.22567,34.47031,44.67799,34.58758,-34719.4,-12751.8,,,,,78561.673,90528.606,35.485,,999,,11,8,7.73721,0.8597,116212.8,*,0.931791,,,,,224.07,-0.25,,,203.9355,0.0101,1.002529813,-6.0034256,0.000503107,5.5368613,0.00418421,31.1230454,6.6869205,32.2813,/T,147.7033,28.8,0.1863,0.011,43.935,80.275,-18.13696,Per,69.185624,52.2802684,16.8946107,,,150.416955,-21.621229,,0,13.994,4.752,14.726,1.25,18.21,115.63,14.779,1.7367,0.0001166,2.4,8.71,0.000012,284.5878,,147.6994,132.9646,31.505,11.80033075,-165.7506865,34.47031
67,99942 Apophis (2004 MN4),2029-Apr-14 00:35,2462240.524,19.7,0.25,,,43.27608,34.17598,43.72619,34.29508,-33115.5,-12517.1,,,,,75169.926,89471.104,34.786,,999,,12,8,7.38864,0.8443,113493.4,*,0.91161,,,,,222.94,-0.24,,,203.939,0.0102,1.002517792,-5.9858098,0.000514245,5.5704322,0.00427684,31.128683,6.6697481,31.5259,/T,148.4587,28,0.187,0.0111,42.805,79.698,-18.05001,Per,69.185624,51.4061928,16.8492686,,,149.837434,-22.263695,,0,13.843,4.865,14.629,1.138,18.925,104.59,14.673,1.6968,0.0001144,2.31,8.4,0.000011,284.7863,,148.4547,132.6709,32.2335,12.06156917,-167.953699,34.17598
68,99942 Apophis (2004 MN4),2029-Apr-14 00:40,2462240.528,19.7,0.25,,,42.37314,33.88735,42.82112,34.00817,-31611,-12269.9,,,,,71944.177,88433.712,34.089,,999,,12,8,7.06346,0.8292,110902.6,*,0.892174,,,,,221.83,-0.23,,,203.9425,0.0104,1.002505806,-5.9688053,0.000525447,5.6014604,0.00437001,31.1338362,6.6531687,30.8063,/T,149.1784,27.2,0.1877,0.0112,41.701,79.155,-17.96338,Tri,69.185624,50.5696915,16.8023892,,,149.277556,-22.8769,,0,13.693,4.971,14.531,1.031,19.603,94.1,14.567,1.6585,0.0001124,2.23,8.1,0.000011,284.9733,,149.1744,132.3963,32.9594,12.32432563,-170.1100613,33.88735
69,99942 Apophis (2004 MN4),2029-Apr-14 00:45,2462240.531,19.7,0.25,,,41.51377,33.60467,41.95973,33.72708,-30198.6,-12013.8,,,,,68873.53,87417.318,33.392,,999,,12,8,6.75979,0.8144,108433.1,*,0.873452,,,,,220.75,-0.22,,,203.946,0.0105,1.002493853,-5.9523892,0.00053671,5.6301608,0.00446368,31.1385491,6.6371597,30.1203,/T,149.8643,26.4,0.1884,0.0112,40.621,78.643,-17.87731,Tri,69.185624,49.7686076,16.7543029,,,148.736361,-23.462582,,0,13.544,5.07,14.432,0.928,20.248,84.12,14.462,1.6217,0.0001103,2.15,7.82,0.000011,285.1495,,149.8604,132.1399,33.6826,12.58848568,-172.2228535,33.60467
70,99942 Apophis (2004 MN4),2029-Apr-14 00:50,2462240.535,19.7,0.25,,,40.69514,33.32809,41.13916,33.452,-28872,-11751.8,,,,,65947.903,86422.529,32.696,,999,,12,8,6.47596,0.8,106077.9,*,0.855414,,,,,219.69,-0.21,,,203.9495,0.0107,1.002481932,-5.9365386,0.000548027,5.6567281,0.00455781,31.1428616,6.6216987,29.4661,/T,150.5185,25.7,0.1892,0.0113,39.565,78.161,-17.79198,Tri,69.185624,49.0009249,16.7052958,,,148.212945,-24.022364,,0,13.396,5.163,14.333,0.829,20.862,74.63,14.357,1.5863,0.0001084,2.08,7.55,0.000011,285.3157,,150.5146,131.9007,34.4032,12.85394448,-174.2949057,33.32809
71,99942 Apophis (2004 MN4),2029-Apr-14 00:55,2462240.538,19.7,0.25,,,39.91462,33.05771,40.3568,33.18303,-27624.9,-11486.5,,,,,63157.974,85449.727,32.001,,999,,12,9,6.21042,0.786,103830.7,*,0.838029,,,,,218.65,-0.2,,,203.953,0.0109,1.002470043,-5.921231,0.000559397,5.6813391,0.00465236,31.1468096,6.6067636,28.8419,/T,151.1427,25,0.1899,0.0114,38.529,77.706,-17.70755,Tri,69.185624,48.2647591,16.6556154,,,147.706465,-24.557756,,0,13.25,5.249,14.233,0.734,21.446,65.61,14.252,1.5523,0.0001064,2,7.28,0.00001,285.4727,,151.1388,131.6781,35.1211,13.12060594,-176.328848,33.05771
72,99942 Apophis (2004 MN4),2029-Apr-14 01:00,2462240.542,19.7,0.25,,,39.1698,32.79358,39.61022,32.92022,-26451.9,-11219.9,,,,,60495.12,84499.101,31.308,,999,,12,9,5.96178,0.7723,101685.4,*,0.821268,,,,,217.64,-0.19,,,203.9565,0.011,1.002458184,-5.9064444,0.000570813,5.7041545,0.00474731,31.1504258,6.5923332,28.2459,/T,151.7387,24.3,0.1907,0.0114,37.514,77.275,-17.62414,Tri,69.185624,47.5583497,16.6054753,,,147.216124,-25.070171,,0,13.107,5.329,14.134,0.642,22.004,57.04,14.149,1.5197,0.0001045,1.94,7.03,0.00001,285.6212,,151.7347,131.4712,35.8363,13.38838189,-178.3270905,32.79358
73,99942 Apophis (2004 MN4),2029-Apr-14 01:05,2462240.545,19.7,0.25,,,38.45844,32.53569,38.89717,32.66358,-25347.6,-10953.7,,,,,57951.368,83570.688,30.615,,999,,13,9,5.72874,0.759,99636.34,*,0.805103,,,,,216.64,-0.19,,,203.96,0.0112,1.002446354,-5.8921573,0.000582274,5.7253201,0.00484262,31.1537394,6.5783867,27.6768,/T,152.3078,23.7,0.1915,0.0115,36.517,76.868,-17.54186,Tri,69.185624,46.8800516,16.5550595,,,146.741177,-25.560923,,0,12.966,5.404,14.036,0.554,22.536,48.89,14.047,1.4883,0.0001027,1.87,6.79,0.00001,285.7616,,152.3039,131.2794,36.5487,13.65719136,179.7081272,32.53569
74,99942 Apophis (2004 MN4),2029-Apr-14 01:10,2462240.549,19.7,0.25,,,37.77846,32.28403,38.21558,32.41308,-24307.2,-10689.3,,,,,55519.338,82664.398,29.925,,999,,13,9,5.51014,0.746,97678.35,*,0.789508,,,,,215.66,-0.18,,,203.9635,0.0113,1.002434552,-5.8783491,0.000593775,5.7449688,0.00493828,31.1567771,6.564904,27.1329,/T,152.8517,23.1,0.1923,0.0116,35.538,76.483,-17.46078,Tri,69.185624,46.2283271,16.5045264,,,146.280922,-26.03124,,0,12.827,5.473,13.938,0.47,23.045,41.14,13.946,1.4581,0.0001009,1.81,6.56,0.00001,285.8946,,152.8478,131.1021,37.2584,13.92695992,177.774725,32.28403
75,99942 Apophis (2004 MN4),2029-Apr-14 01:15,2462240.552,19.7,0.25,,,37.12793,32.03852,37.56352,32.16867,-23326.3,-10427.6,,,,,53192.199,81780.037,29.236,,999,,13,9,5.3049,0.7334,95806.48,*,0.774457,,,,,214.69,-0.17,,,203.967,0.0115,1.002422777,-5.8649997,0.000605315,5.7632212,0.00503425,31.1595627,6.5518659,26.6129,/T,153.3716,22.5,0.1932,0.0117,34.576,76.117,-17.38098,Tri,69.185624,45.6017391,16.4540121,,,145.834697,-26.482268,,0,12.691,5.538,13.841,0.388,23.532,33.77,13.847,1.4292,0.0000992,1.75,6.34,0.00001,286.0207,,153.3677,130.9385,37.9652,14.19761914,175.8707728,32.03852
76,99942 Apophis (2004 MN4),2029-Apr-14 01:20,2462240.556,19.7,0.25,,,36.50509,31.79909,36.93922,31.93028,-22400.8,-10169.7,,,,,50963.626,80917.331,28.548,,999,,13,9,5.11205,0.7211,94016.14,*,0.759926,,,,,213.74,-0.17,,,203.9705,0.0117,1.002411029,-5.8520898,0.00061689,5.7801874,0.00513052,31.162118,6.5392537,26.1156,/T,153.8689,21.9,0.1941,0.0117,33.629,75.771,-17.30249,Tri,69.185624,44.9989434,16.403633,,,145.401881,-26.915076,,0,12.558,5.598,13.746,0.31,23.999,26.77,13.749,1.4013,0.0000975,1.69,6.13,0.000009,286.1403,,153.8651,130.7883,38.6691,14.46910595,173.9945102,31.79909
77,99942 Apophis (2004 MN4),2029-Apr-14 01:25,2462240.559,19.7,0.25,,,35.90829,31.56565,36.34101,31.69781,-21526.7,-9916.17,,,,,48827.756,80075.941,27.863,,999,,13,9,4.93067,0.7091,92303.04,*,0.745891,,,,,212.81,-0.16,,,203.974,0.0118,1.002399306,-5.8396008,0.000628497,5.7959678,0.00522705,31.1644629,6.5270496,25.6397,/T,154.3448,21.4,0.1949,0.0118,32.697,75.442,-17.22536,Tri,69.185624,44.4186828,16.3534884,,,144.981885,-27.330663,,0,12.428,5.653,13.651,0.234,24.446,20.1,13.653,1.3745,0.0000959,1.63,5.93,0.000009,286.2539,,154.3409,130.6508,39.3701,14.74136227,172.144288,31.56565
78,99942 Apophis (2004 MN4),2029-Apr-14 01:30,2462240.563,19.7,0.25,,,35.33599,31.33806,35.76737,31.47115,-20700.7,-9667.58,,,,,46779.154,79255.477,27.179,,999,,13,9,4.75997,0.6975,90663.14,*,0.73233,,,,,211.89,-0.16,,,203.9775,0.012,1.002387608,-5.827515,0.000640136,5.8106536,0.00532385,31.1666151,6.5152365,25.1842,/T,154.8003,20.9,0.1959,0.0119,31.78,75.129,-17.14961,Tri,69.185624,43.8597807,16.3036629,,,144.574157,-27.729961,,0,12.301,5.705,13.558,0.162,24.875,13.76,13.559,1.3487,0.0000943,1.58,5.74,0.000009,286.3619,,154.7965,130.5256,40.068,15.01433451,170.3185657,31.33806
79,99942 Apophis (2004 MN4),2029-Apr-14 01:35,2462240.566,19.7,0.25,,,34.78679,31.11622,35.21689,31.25019,-19919.4,-9424.34,,,,,44812.773,78455.51,26.498,,999,,13,9,4.59917,0.6861,89092.66,*,0.719222,,,,,210.98,-0.15,,,203.981,0.0121,1.002375934,-5.8158154,0.000651802,5.8243286,0.00542087,31.1685909,6.503798,24.748,/T,155.2365,20.4,0.1968,0.012,30.876,74.831,-17.07525,Tri,69.185624,43.3211354,16.2542281,,,144.178173,-28.113842,,0,12.176,5.753,13.467,0.091,25.287,7.728602,13.467,1.3239,0.0000927,1.53,5.55,0.000009,286.4646,,155.2327,130.4123,40.7629,15.28797319,168.5159435,31.11622
80,99942 Apophis (2004 MN4),2029-Apr-14 01:40,2462240.569,19.7,0.25,,,34.25937,30.9,34.68823,31.03479,-19179.9,-9186.73,,,,,42923.928,77675.58,25.819,,999,,14,9,4.44758,0.6751,87588.07,*,0.706547,,,,,210.09,-0.15,,,203.9846,0.0123,1.002364282,-5.8044857,0.000663495,5.837069,0.00551812,31.170405,6.4927185,24.33,/T,155.6544,19.9,0.1978,0.0121,29.985,74.548,-17.0023,Tri,69.185624,42.8017148,16.2052442,,,143.793439,-28.483123,,0,12.055,5.798,13.377,0.024,25.684,1.9954769,13.377,1.3001,0.0000912,1.48,5.38,0.000009,286.5624,,155.6506,130.3105,41.4545,15.56223259,166.7351013,30.9
81,99942 Apophis (2004 MN4),2029-Apr-14 01:45,2462240.573,19.7,0.25,,,33.75249,30.68924,34.18018,30.82483,-18479.3,-8954.98,,,,,41108.266,76915.209,25.142,,999,,14,9,4.30457,0.6644,86146.05,*,0.694285,,,,,209.21,-0.14,,,203.9881,0.0124,1.002352654,-5.7935102,0.000675213,5.8489447,0.00561557,31.172071,6.481983,23.9295,/T,156.0549,19.4,0.1987,0.0122,29.106,74.278,-16.93075,Tri,69.185624,42.3005517,16.1567618,,,143.419488,-28.838566,,0,11.937,5.839,13.288,0.042,26.065,3.5140047,13.288,1.2772,0.0000897,1.43,5.21,0.000009,286.6556,,156.0512,130.2198,42.1429,15.83707043,164.9747987,30.68924
82,99942 Apophis (2004 MN4),2029-Apr-14 01:50,2462240.576,19.7,0.25,,,33.26504,30.48383,33.6916,30.62016,-17815.2,-8729.22,,,,,39361.736,76173.903,24.467,,999,,14,9,4.16955,0.654,84763.46,*,0.682419,,,,,208.34,-0.14,,,203.9916,0.0126,1.002341046,-5.7828742,0.000686954,5.8600196,0.00571322,31.1736009,6.4715773,23.5454,/T,156.439,19,0.1997,0.0123,28.239,74.02,-16.86059,Tri,69.185624,41.8167388,16.1088228,,,143.055878,-29.180886,,0,11.821,5.877,13.201,0.105,26.433,8.7260727,13.202,1.2551,0.0000883,1.39,5.05,0.000008,286.7445,,156.4353,130.1399,42.828,16.11244756,163.2339265,30.48383
83,99942 Apophis (2004 MN4),2029-Apr-14 01:55,2462240.58,19.7,0.25,,,32.79593,30.28361,33.22141,30.42065,-17185.2,-8509.52,,,,,37680.566,75451.159,23.795,,999,,14,9,4.04199,0.6438,83437.4,*,0.670931,,,,,207.49,-0.13,,,203.9951,0.0128,1.00232946,-5.7725635,0.000698716,5.8703523,0.00581104,31.175006,6.4614878,23.1771,/T,156.8073,18.6,0.2008,0.0123,27.383,73.774,-16.79183,Tri,69.185624,41.3494249,16.0614617,,,142.70219,-29.510752,,0,11.709,5.913,13.116,0.166,26.787,13.7,13.117,1.2338,0.0000869,1.35,4.89,0.000008,286.8294,,156.8036,130.0705,43.5096,16.38832772,161.5113942,30.28361
84,99942 Apophis (2004 MN4),2029-Apr-14 02:00,2462240.583,19.7,0.25,,,32.3442,30.08844,32.76864,30.22615,-16587,-8295.9,,,,,36061.244,74746.471,23.125,,999,,14,9,3.92139,0.6339,82165.09,*,0.659805,,,,,206.64,-0.13,,,203.9986,0.0129,1.002317894,-5.7625645,0.000710498,5.8799965,0.00590903,31.1762964,6.4517015,22.8236,/T,157.1607,18.2,0.2018,0.0124,26.539,73.539,-16.72444,Tri,69.185624,40.8978105,16.0147066,,,142.358028,-29.828792,,0,11.599,5.946,13.033,0.225,27.129,18.45,13.035,1.2134,0.0000856,1.3,4.74,0.000008,286.9104,,157.157,130.0112,44.1877,16.6646773,159.806242,30.08844
85,99942 Apophis (2004 MN4),2029-Apr-14 02:05,2462240.587,19.7,0.25,,,31.90892,29.89817,32.33237,30.03653,-16018.6,-8088.35,,,,,34500.492,74059.332,22.459,,999,,14,10,3.80728,0.6243,80943.94,*,0.649026,,,,,205.8,-0.12,,,204.0021,0.0131,1.002306348,-5.7528645,0.000722299,5.8890016,0.00600718,31.1774814,6.442206,22.4844,/T,157.4998,17.8,0.2029,0.0125,25.704,73.314,-16.65841,Tri,69.185624,40.4611447,15.9685797,,,142.023014,-30.135594,,0,11.492,5.977,12.951,0.282,27.459,22.97,12.954,1.1937,0.0000843,1.27,4.6,0.000008,286.9879,,157.4962,129.9619,44.8622,16.94146508,158.1175394,29.89817
86,99942 Apophis (2004 MN4),2029-Apr-14 02:10,2462240.59,19.7,0.25,,,31.48923,29.71267,31.91172,29.85164,-15478.2,-7886.82,,,,,32995.253,73389.238,21.795,,999,,14,10,3.69925,0.615,79771.52,*,0.638577,,,,,204.98,-0.12,,,204.0056,0.0132,1.002294821,-5.7434511,0.000734117,5.897413,0.00610547,31.1785694,6.4329895,22.1588,/T,157.8255,17.4,0.204,0.0126,24.88,73.099,-16.59372,Tri,69.185624,40.0387213,15.9230986,,,141.696794,-30.43171,,0,11.388,6.005,12.87,0.338,27.777,27.3,12.875,1.1747,0.000083,1.23,4.46,0.000008,287.062,,157.8219,129.9223,45.533,17.2186621,156.4444272,29.71267
87,99942 Apophis (2004 MN4),2029-Apr-14 02:15,2462240.594,19.7,0.25,,,31.08432,29.5318,31.50589,29.67135,-14964,-7691.24,,,,,31542.67,72735.691,21.134,,999,,15,10,3.59691,0.6058,78645.53,*,0.628446,,,,,204.16,-0.12,,,204.0091,0.0134,1.002283313,-5.7343126,0.000745952,5.9052722,0.00620389,31.1795681,6.4240408,21.846,/T,158.1382,17,0.2051,0.0127,24.066,72.893,-16.53036,Tri,69.185624,39.6298763,15.8782766,,,141.379027,-30.71766,,0,11.287,6.032,12.791,0.391,28.086,31.43,12.797,1.1565,0.0000817,1.19,4.33,0.000008,287.1329,,158.1347,129.8922,46.2001,17.49624143,154.786095,29.5318
88,99942 Apophis (2004 MN4),2029-Apr-14 02:20,2462240.597,19.7,0.25,,,30.69346,29.35541,31.11414,29.49551,-14474.5,-7501.51,,,,,30140.073,72098.198,20.477,,999,,15,10,3.49989,0.597,77563.79,*,0.618619,,,,,203.36,-0.11,,,204.0126,0.0135,1.002271823,-5.7254379,0.000757801,5.9126177,0.00630244,31.1804847,6.4153493,21.5455,/T,158.4387,16.7,0.2062,0.0128,23.261,72.696,-16.46829,Tri,69.185624,39.2339843,15.8341232,,,141.069392,-30.993931,,0,11.188,6.057,12.714,0.443,28.384,35.37,12.722,1.1389,0.0000805,1.16,4.21,0.000008,287.2008,,158.4352,129.8713,46.8632,17.77417801,153.1418127,29.35541
89,99942 Apophis (2004 MN4),2029-Apr-14 02:25,2462240.601,19.7,0.25,,,30.31593,29.18337,30.73576,29.32401,-14008,-7317.52,,,,,28784.963,71476.276,19.822,,999,,15,10,3.40786,0.5883,76524.27,*,0.609083,,,,,202.56,-0.11,,,204.0161,0.0137,1.00226035,-5.7168165,0.000769666,5.9194849,0.00640111,31.1813257,6.4069047,21.2567,/T,158.7274,16.3,0.2073,0.0129,22.466,72.507,-16.4075,Tri,69.185624,38.8504564,15.7906448,,,140.767583,-31.260981,,0,11.091,6.08,12.639,0.493,28.673,39.15,12.648,1.1219,0.0000793,1.12,4.09,0.000007,287.266,,158.7239,129.8597,47.5225,18.05244854,151.5108605,29.18337
90,99942 Apophis (2004 MN4),2029-Apr-14 02:30,2462240.604,19.7,0.25,,,29.95108,29.01555,30.37009,29.15669,-13563.3,-7139.14,,,,,27474.999,70869.453,19.171,,999,,15,10,3.32051,0.5799,75525.02,*,0.599827,,,,,201.77,-0.11,,,204.0196,0.0138,1.002248894,-5.7084381,0.000781543,5.9259064,0.00649989,31.182097,6.3986973,20.9792,/T,159.0049,16,0.2085,0.013,21.68,72.325,-16.34795,Tri,69.185624,38.4787375,15.747845,,,140.47331,-31.519243,,0,10.997,6.101,12.565,0.542,28.953,42.75,12.576,1.1056,0.0000782,1.09,3.97,0.000007,287.3285,,159.0015,129.857,48.1776,18.33103129,149.8925879,29.01555
91,99942 Apophis (2004 MN4),2029-Apr-14 02:35,2462240.608,19.7,0.25,,,29.59829,28.85182,30.01652,28.99345,-13139,-6966.24,,,,,26207.989,70277.267,18.524,,999,,15,10,3.23756,0.5717,74564.23,*,0.590838,,,,,200.99,-0.1,,,204.0232,0.014,1.002237455,-5.7002933,0.000793433,5.9319122,0.00659878,31.182804,6.3907178,20.7123,/T,159.2718,15.7,0.2097,0.0131,20.903,72.151,-16.28964,Tri,69.185624,38.1183039,15.7057251,,,140.186296,-31.769121,,0,10.906,6.121,12.492,0.589,29.224,46.21,12.506,1.0898,0.0000771,1.06,3.86,0.000007,287.3885,,159.2684,129.8631,48.8287,18.60990603,148.2863757,28.85182
92,99942 Apophis (2004 MN4),2029-Apr-14 02:40,2462240.611,19.7,0.25,,,29.25699,28.69205,29.67446,28.83414,-12734,-6798.67,,,,,24981.874,69699.266,17.879,,999,,15,10,3.15874,0.5637,73640.18,*,0.582107,,,,,200.22,-0.1,,,204.0267,0.0141,1.002226032,-5.6923728,0.000805334,5.9375301,0.00669776,31.1834517,6.3829575,20.4556,/T,159.5284,15.4,0.2109,0.0132,20.134,71.983,-16.23252,Tri,69.185624,37.7686617,15.6642843,,,139.906276,-32.010999,,0,10.817,6.139,12.421,0.634,29.487,49.51,12.437,1.0746,0.000076,1.03,3.76,0.000007,287.4461,,159.525,129.878,49.4755,18.88905387,146.6916534,28.69205
93,99942 Apophis (2004 MN4),2029-Apr-14 02:45,2462240.615,19.7,0.25,,,28.92663,28.53612,29.34337,28.67865,-12347.1,-6636.3,,,,,23794.722,69135.012,17.239,,999,,15,10,3.0838,0.5559,72751.22,*,0.573622,,,,,199.46,-0.1,,,204.0302,0.0143,1.002214625,-5.684668,0.000817247,5.942786,0.00679683,31.1840448,6.3754078,20.2087,/T,159.7753,15.1,0.2122,0.0133,19.374,71.822,-16.17658,Tri,69.185624,37.4293442,15.6235201,,,139.633001,-32.245238,,0,10.73,6.156,12.352,0.679,29.742,52.67,12.37,1.06,0.0000749,1.01,3.65,0.000007,287.5015,,159.772,129.9015,50.118,19.16845717,145.1078712,28.53612
94,99942 Apophis (2004 MN4),2029-Apr-14 02:50,2462240.618,19.7,0.25,,,28.60671,28.3839,29.02274,28.52686,-11977.2,-6478.96,,,,,22644.72,68584.079,16.602,,999,,15,10,3.01251,0.5483,71895.82,*,0.565374,,,,,198.71,-0.1,,,204.0337,0.0144,1.002203232,-5.6771705,0.000829169,5.9477034,0.00689599,31.1845875,6.368061,19.9711,/T,160.0128,14.8,0.2134,0.0134,18.622,71.668,-16.12178,Tri,69.185624,37.0999104,15.5834285,,,139.36623,-32.472179,,0,10.645,6.172,12.284,0.722,29.99,55.71,12.305,1.0459,0.0000739,0.98,3.55,0.000007,287.5547,,160.0096,129.9336,50.7562,19.44809949,143.5345286,28.3839
95,99942 Apophis (2004 MN4),2029-Apr-14 02:55,2462240.622,19.7,0.25,,,28.29673,28.23529,28.71209,28.37866,-11623.5,-6326.51,,,,,21530.16,68046.052,15.969,,999,,16,10,2.94466,0.5409,71072.52,*,0.557353,,,,,197.97,-0.09,,,204.0372,0.0146,1.002191855,-5.6698723,0.000841101,5.9523045,0.00699522,31.1850837,6.3609091,19.7424,/T,160.2415,14.6,0.2147,0.0136,17.878,71.518,-16.0681,Tri,69.185624,36.7799436,15.544004,,,139.105736,-32.692142,,0,10.563,6.187,12.217,0.764,30.231,58.61,12.241,1.0323,0.0000728,0.95,3.46,0.000007,287.606,,160.2383,129.9742,51.3899,19.72796543,141.9711264,28.23529
96,99942 Apophis (2004 MN4),2029-Apr-14 03:00,2462240.625,19.7,0.25,,,27.99627,28.09017,28.41096,28.23393,-11285,-6178.81,,,,,20449.436,67520.532,15.34,,999,,16,10,2.88005,0.5337,70279.92,*,0.549551,,,,,197.23,-0.09,,,204.0407,0.0147,1.002180492,-5.662766,0.000853042,5.9566097,0.00709453,31.1855369,6.3539451,19.5222,/T,160.4616,14.3,0.216,0.0137,17.142,71.375,-16.01552,Tri,69.185624,36.4690491,15.5052404,,,138.8513,-32.905431,,0,10.482,6.2,12.152,0.804,30.466,61.4,12.179,1.0192,0.0000719,0.93,3.37,0.000007,287.6554,,160.4584,130.0233,52.019,20.00804061,140.4172442,28.09017
97,99942 Apophis (2004 MN4),2029-Apr-14 03:05,2462240.628,19.7,0.25,,,27.70488,27.94843,28.11894,28.09257,-10960.9,-6035.68,,,,,19401.036,67007.129,14.715,,999,,16,10,2.81849,0.5267,69516.73,*,0.541959,,,,,196.5,-0.09,,,204.0442,0.0149,1.002169144,-5.6558443,0.000864991,5.9606379,0.00719391,31.1859504,6.3471619,19.3102,/T,160.6735,14.1,0.2173,0.0138,16.415,71.236,-15.964,Tri,69.185624,36.1668536,15.4671303,,,138.602715,-33.112333,,0,10.404,6.213,12.088,0.844,30.694,64.07,12.118,1.0065,0.0000709,0.9,3.28,0.000007,287.7029,,160.6704,130.0808,52.6435,20.28831155,138.8724319,27.94843
98,99942 Apophis (2004 MN4),2029-Apr-14 03:10,2462240.632,19.7,0.25,,,27.42216,27.80997,27.83561,27.95447,-10650.4,-5897,,,,,18383.534,66505.467,14.094,,999,,16,10,2.75982,0.5198,68781.68,*,0.53457,,,,,195.78,-0.09,,,204.0477,0.015,1.002157809,-5.6491004,0.000876949,5.9644066,0.00729336,31.1863274,6.340553,19.106,/T,160.8777,13.8,0.2187,0.0139,15.695,71.103,-15.91353,Tri,69.185624,35.8730034,15.4296657,,,138.359783,-33.31312,,0,10.327,6.225,12.026,0.882,30.916,66.64,12.058,0.9943,0.00007,0.88,3.2,0.000007,287.7488,,160.8746,130.1466,53.2634,20.56876565,137.3362897,27.80997
99,99942 Apophis (2004 MN4),2029-Apr-14 03:15,2462240.635,19.7,0.25,,,27.14775,27.67468,27.56061,27.81953,-10352.7,-5762.61,,,,,17395.586,66015.182,13.478,,999,,16,10,2.70386,0.5131,68073.59,*,0.527375,,,,,195.07,-0.09,,,204.0513,0.0152,1.002146487,-5.6425278,0.000888913,5.9679321,0.00739286,31.1866706,6.3341119,18.9093,/T,161.0743,13.6,0.2201,0.014,14.982,70.974,-15.86407,Tri,69.185624,35.5871631,15.3928378,,,138.122313,-33.508048,,0,10.252,6.236,11.965,0.919,31.132,69.1,12,0.9826,0.000069,0.86,3.12,0.000007,287.793,,161.0713,130.2209,53.8784,20.8493911,135.8084571,27.67468
100,99942 Apophis (2004 MN4),2029-Apr-14 03:20,2462240.639,19.7,0.25,,,26.88129,27.54247,27.29357,27.68765,-10067.2,-5632.37,,,,,16435.923,65535.924,12.865,,999,,16,10,2.65048,0.5066,67391.34,*,0.520367,,,,,194.36,-0.08,,,204.0548,0.0154,1.002135178,-5.6361201,0.000900884,5.9712297,0.00749243,31.1869825,6.3278326,18.7198,/T,161.2638,13.4,0.2215,0.0141,14.278,70.85,-15.8156,Tri,69.185624,35.3090148,15.3566375,,,137.890123,-33.697361,,0,10.18,6.246,11.905,0.956,31.342,71.47,11.943,0.9712,0.0000682,0.84,3.04,0.000006,287.8357,,161.2607,130.3036,54.4887,21.13017683,134.2885749,27.54247
101,99942 Apophis (2004 MN4),2029-Apr-14 03:25,2462240.642,19.7,0.25,,,26.62243,27.41324,27.03416,27.55874,-9793.22,-5506.13,,,,,15503.345,65067.351,12.257,,999,,16,10,2.59952,0.5002,66733.87,*,0.513539,,,,,193.66,-0.08,,,204.0583,0.0155,1.002123882,-5.6298714,0.000912862,5.9743133,0.00759204,31.1872657,6.3217095,18.5372,/T,161.4463,13.2,0.2229,0.0142,13.58,70.73,-15.76811,Psc,69.185624,35.0382567,15.321055,,,137.663042,-33.881288,,0,10.109,6.255,11.846,0.991,31.548,73.75,11.887,0.9603,0.0000673,0.82,2.96,0.000006,287.8769,,161.4434,130.3947,55.094,21.41111245,132.7762926,27.41324
102,99942 Apophis (2004 MN4),2029-Apr-14 03:30,2462240.646,19.7,0.25,,,26.37086,27.28689,26.78205,27.43271,-9530.16,-5383.77,,,,,14596.721,64609.136,11.653,,999,,16,11,2.55086,0.494,66100.15,*,0.506885,,,,,192.97,-0.08,,,204.0618,0.0157,1.002112598,-5.6237761,0.000924846,5.9771963,0.00769171,31.1875222,6.3157369,18.3612,/T,161.6223,13,0.2243,0.0144,12.891,70.614,-15.72155,Psc,69.185624,34.7746023,15.2860805,,,137.440902,-34.060049,,0,10.039,6.264,11.789,1.025,31.748,75.93,11.833,0.9497,0.0000664,0.8,2.89,0.000006,287.9167,,161.6194,130.4944,55.6944,21.69218821,131.2713004,27.28689
103,99942 Apophis (2004 MN4),2029-Apr-14 03:35,2462240.649,19.7,0.25,,,26.12627,27.16335,26.53695,27.30946,-9277.46,-5265.13,,,,,13714.977,64160.962,11.053,,999,,16,11,2.50438,0.4879,65489.23,*,0.500398,,,,,192.29,-0.08,,,204.0653,0.0158,1.002101327,-5.6178286,0.000936835,5.9798907,0.00779142,31.1877542,6.3099095,18.1915,/T,161.7919,12.8,0.2258,0.0145,12.208,70.502,-15.67591,Psc,69.185624,34.5177794,15.2517037,,,137.223544,-34.233849,,0,9.972,6.272,11.732,1.059,31.943,78.04,11.78,0.9395,0.0000656,0.78,2.82,0.000006,287.9553,,161.7891,130.6025,56.2897,21.97339497,129.7732878,27.16335
104,99942 Apophis (2004 MN4),2029-Apr-14 03:40,2462240.653,19.7,0.25,,,25.8884,27.04252,26.29857,27.18892,-9034.59,-5150.11,,,,,12857.1,63722.523,10.458,,999,,16,11,2.45995,0.4819,64900.17,*,0.494072,,,,,191.61,-0.08,,,204.0688,0.016,1.002090067,-5.6120238,0.000948829,5.982408,0.00789117,31.1879635,6.3042225,18.0278,/T,161.9555,12.6,0.2272,0.0146,11.533,70.393,-15.63117,Psc,69.185624,34.2675293,15.2179141,,,137.010816,-34.402887,,0,9.906,6.279,11.677,1.091,32.133,80.06,11.728,0.9297,0.0000648,0.76,2.75,0.000006,287.9925,,161.9527,130.7192,56.88,22.25472414,128.2819956,27.04252
105,99942 Apophis (2004 MN4),2029-Apr-14 03:45,2462240.656,19.7,0.25,,,25.65695,26.92433,26.06664,27.071,-8801.06,-5038.56,,,,,12022.129,63293.524,9.868,,999,,17,11,2.41748,0.4761,64332.1,*,0.487902,,,,,190.94,-0.07,,,204.0723,0.0161,1.002078819,-5.6063568,0.000960829,5.9847589,0.00799097,31.1881519,6.2986709,17.87,/T,162.1132,12.4,0.2287,0.0147,10.865,70.288,-15.5873,Psc,69.185624,34.0236058,15.1847013,,,136.802572,-34.567348,,0,9.841,6.286,11.624,1.123,32.319,82.01,11.678,0.9202,0.000064,0.74,2.69,0.000006,288.0285,,162.1104,130.8447,57.4651,22.53616764,126.7971234,26.92433
106,99942 Apophis (2004 MN4),2029-Apr-14 03:50,2462240.66,19.7,0.25,,,25.43168,26.80868,25.8409,26.95563,-8576.4,-4930.37,,,,,11209.154,62873.681,9.282,,999,,17,11,2.37685,0.4704,63784.19,*,0.481882,,,,,190.28,-0.07,,,204.0759,0.0163,1.002067582,-5.6008227,0.000972833,5.9869531,0.0080908,31.188321,6.2932501,17.7178,/T,162.2654,12.2,0.2303,0.0148,10.204,70.187,-15.54428,Psc,69.185624,33.7857747,15.1520545,,,136.598673,-34.72741,,0,9.778,6.293,11.571,1.154,32.501,83.89,11.628,0.911,0.0000632,0.72,2.62,0.000006,288.0634,,162.2626,130.9789,58.045,22.81771788,125.3184311,26.80868
107,99942 Apophis (2004 MN4),2029-Apr-14 03:55,2462240.663,19.7,0.25,,,25.21235,26.69552,25.62111,26.84272,-8360.17,-4825.42,,,,,10417.31,62462.717,8.701,,999,,17,11,2.33798,0.4649,63255.65,*,0.476006,,,,,189.63,-0.07,,,204.0794,0.0164,1.002056356,-5.5954171,0.000984841,5.9890001,0.00819067,31.1884723,6.2879557,17.571,/T,162.4121,12.1,0.2318,0.015,9.55,70.088,-15.5021,Psc,69.185624,33.5538131,15.1199632,,,136.398983,-34.883241,,0,9.717,6.299,11.519,1.184,32.678,85.69,11.58,0.9021,0.0000625,0.71,2.56,0.000006,288.0972,,162.4094,131.122,58.6197,23.09936772,123.8456789,26.69552
108,99942 Apophis (2004 MN4),2029-Apr-14 04:00,2462240.667,19.7,0.25,,,24.99873,26.58475,25.40704,26.73221,-8151.97,-4723.59,,,,,9645.778,62060.369,8.124,,999,,17,11,2.30078,0.4595,62745.7,*,0.47027,,,,,188.98,-0.07,,,204.0829,0.0165,1.00204514,-5.5901356,0.000996853,5.9909085,0.00829057,31.1886072,6.2827836,17.4294,/T,162.5537,11.9,0.2334,0.0151,8.903,69.993,-15.46071,Psc,69.185624,33.3275086,15.0884166,,,136.203375,-35.035002,,0,9.657,6.304,11.468,1.213,32.852,87.44,11.532,0.8936,0.0000617,0.69,2.51,0.000006,288.13,,162.551,131.2741,59.1891,23.38111044,122.3786363,26.58475
109,99942 Apophis (2004 MN4),2029-Apr-14 04:05,2462240.67,19.7,0.25,,,24.79059,26.47632,25.19847,26.62401,-7951.39,-4624.77,,,,,8893.779,61666.381,7.552,,999,,17,11,2.26515,0.4541,62253.63,*,0.464669,,,,,188.34,-0.07,,,204.0864,0.0167,1.002033935,-5.584974,0.001008869,5.9926863,0.0083905,31.188727,6.2777297,17.2927,/T,162.6903,11.8,0.235,0.0152,8.262,69.901,-15.42012,Psc,69.185624,33.1066588,15.057404,,,136.011724,-35.182845,,0,9.598,6.309,11.419,1.242,33.022,89.11,11.486,0.8853,0.000061,0.67,2.45,0.000006,288.1617,,162.6877,131.4354,59.7531,23.66293972,120.9170741,26.47632
110,99942 Apophis (2004 MN4),2029-Apr-14 04:10,2462240.674,19.7,0.25,,,24.58773,26.37014,24.99519,26.51808,-7758.09,-4528.86,,,,,8160.576,61280.506,6.985,,999,,17,11,2.23103,0.449,61778.75,*,0.459199,,,,,187.7,-0.07,,,204.0899,0.0168,1.002022741,-5.5799284,0.001020888,5.9943413,0.00849047,31.1888328,6.27279,17.1608,/T,162.8221,11.6,0.2366,0.0153,7.629,69.811,-15.38029,Psc,69.185624,32.8910705,15.026915,,,135.823913,-35.326916,,0,9.541,6.314,11.37,1.27,33.188,90.73,11.441,0.8774,0.0000603,0.66,2.39,0.000006,288.1925,,162.8196,131.606,60.3118,23.94484959,119.4607918,26.37014
111,99942 Apophis (2004 MN4),2029-Apr-14 04:15,2462240.677,19.7,0.25,,,24.38995,26.26616,24.79701,26.41432,-7571.71,-4435.76,,,,,7445.463,60902.506,6.423,,999,,17,11,2.19834,0.4439,61320.4,*,0.453854,,,,,187.08,-0.07,,,204.0934,0.017,1.002011556,-5.5749949,0.00103291,5.9958803,0.00859045,31.1889259,6.267961,17.0334,/T,162.9494,11.5,0.2382,0.0155,7.003,69.724,-15.34122,Psc,69.185624,32.6805596,14.996939,,,135.639826,-35.467352,,0,9.485,6.318,11.322,1.297,33.35,92.3,11.396,0.8697,0.0000596,0.64,2.34,0.000006,288.2224,,162.9469,131.7861,60.865,24.22683445,118.0095896,26.26616
112,99942 Apophis (2004 MN4),2029-Apr-14 04:20,2462240.681,19.7,0.25,,,24.19706,26.16432,24.60373,26.3127,-7391.94,-4345.36,,,,,6747.774,60532.151,5.866,,999,,17,11,2.167,0.4389,60877.94,*,0.448631,,,,,186.46,-0.07,,,204.0969,0.0171,1.002000381,-5.5701699,0.001044936,5.9973102,0.00869046,31.1890073,6.263239,16.9105,/T,163.0722,11.3,0.2398,0.0156,6.383,69.64,-15.30287,Psc,69.185624,32.4749503,14.9674655,,,135.459355,-35.604287,,0,9.43,6.322,11.276,1.324,33.509,93.8,11.353,0.8623,0.0000589,0.63,2.29,0.000006,288.2514,,163.0697,131.9759,61.4128,24.50888901,116.563277,26.16432
113,99942 Apophis (2004 MN4),2029-Apr-14 04:25,2462240.684,19.7,0.25,,,24.00889,26.06454,24.41518,26.21313,-7218.47,-4257.57,,,,,6066.871,60169.221,5.313,,999,,17,11,2.13696,0.434,60450.77,*,0.443525,,,,,185.84,-0.06,,,204.1005,0.0173,1.001989216,-5.56545,0.001056964,5.9986371,0.0087905,31.1890778,6.2586207,16.7919,/T,163.1908,11.2,0.2415,0.0157,5.77,69.558,-15.26523,Psc,69.185624,32.2740746,14.9384842,,,135.282394,-35.737845,,0,9.376,6.326,11.23,1.35,33.664,95.26,11.311,0.8551,0.0000582,0.62,2.24,0.000006,288.2796,,163.1884,132.1756,61.955,24.79100828,115.1216848,26.06454
114,99942 Apophis (2004 MN4),2029-Apr-14 04:30,2462240.688,19.7,0.25,,,23.82527,25.96677,24.23118,26.11557,-7051,-4172.3,,,,,5402.148,59813.501,4.765,,999,,17,11,2.10815,0.4293,60038.31,*,0.438534,,,,,185.24,-0.06,,,204.104,0.0174,1.00197806,-5.5608317,0.001068994,5.999867,0.00889056,31.1891384,6.2541028,16.6773,/T,163.3053,11.1,0.2432,0.0159,5.163,69.478,-15.22828,Psc,69.185624,32.0777723,14.9099851,,,135.108842,-35.868146,,0,9.324,6.329,11.185,1.375,33.817,96.66,11.269,0.8482,0.0000576,0.6,2.19,0.000006,288.307,,163.3029,132.3854,62.4917,25.07318757,113.6846426,25.96677
115,99942 Apophis (2004 MN4),2029-Apr-14 04:35,2462240.691,19.7,0.25,,,23.64603,25.87096,24.05157,26.01995,-6889.28,-4089.45,,,,,4753.027,59464.785,4.222,,999,,17,11,2.08051,0.4246,59640.02,*,0.433653,,,,,184.64,-0.06,,,204.1075,0.0176,1.001966913,-5.5563119,0.001081028,6.0010051,0.00899063,31.1891899,6.2496821,16.5667,/T,163.4158,11,0.2449,0.016,4.563,69.401,-15.19201,Psc,69.185624,31.8858899,14.8819581,,,134.938601,-35.995306,,0,9.273,6.332,11.141,1.4,33.966,98.02,11.229,0.8415,0.000057,0.59,2.15,0.000006,288.3336,,163.4135,132.6056,63.0229,25.35542243,112.2519803,25.87096
116,99942 Apophis (2004 MN4),2029-Apr-14 04:40,2462240.694,19.7,0.25,,,23.47101,25.77704,23.87621,25.92622,-6733.03,-4008.96,,,,,4118.959,59122.875,3.684,,999,,17,11,2.05398,0.4201,59255.37,*,0.428878,,,,,184.04,-0.06,,,204.111,0.0177,1.001955775,-5.5518874,0.001093063,6.0020569,0.00909073,31.1892331,6.2453556,16.4598,/T,163.5226,10.9,0.2467,0.0161,3.97,69.326,-15.15639,Psc,69.185624,31.6982808,14.8543933,,,134.771577,-36.119433,,0,9.223,6.335,11.098,1.425,34.113,99.33,11.189,0.8351,0.0000563,0.58,2.1,0.000006,288.3595,,163.5203,132.8364,63.5485,25.63770869,110.8235381,25.77704
117,99942 Apophis (2004 MN4),2029-Apr-14 04:45,2462240.698,19.7,0.25,,,23.30008,25.68496,23.70493,25.83433,-6582.03,-3930.72,,,,,3499.418,58787.578,3.151,,999,,17,11,2.02852,0.4156,58883.85,*,0.424206,,,,,183.45,-0.06,,,204.1145,0.0179,1.001944646,-5.5475553,0.0011051,6.0030269,0.00919084,31.1892688,6.2411205,16.3566,/T,163.6257,10.8,0.2484,0.0163,3.383,69.253,-15.12142,Psc,69.185624,31.5148046,14.8272809,,,134.607681,-36.240632,,0,9.174,6.337,11.055,1.448,34.256,100.6,11.15,0.8289,0.0000557,0.57,2.06,0.000006,288.3847,,163.6235,133.078,64.0684,25.92004238,109.3991855,25.68496
118,99942 Apophis (2004 MN4),2029-Apr-14 04:50,2462240.701,19.7,0.25,,,23.13308,25.59467,23.5376,25.74423,-6436.03,-3854.67,,,,,2893.902,58458.71,2.623,,999,,18,11,2.00408,0.4112,58524.97,*,0.419635,,,,,182.87,-0.06,,,204.118,0.018,1.001933526,-5.5433128,0.001117139,6.0039199,0.00929096,31.1892975,6.236974,16.2569,/T,163.7253,10.7,0.2502,0.0164,2.803,69.182,-15.08707,Psc,69.185624,31.3353272,14.8006116,,,134.446826,-36.359002,,0,9.126,6.339,11.014,1.471,34.397,101.83,11.112,0.8228,0.0000551,0.55,2.01,0.000005,288.4092,,163.7231,133.3309,64.5827,26.20241979,107.9787633,25.59467
119,99942 Apophis (2004 MN4),2029-Apr-14 04:55,2462240.705,19.7,0.25,,,22.9699,25.50613,23.37409,25.65586,-6294.83,-3780.72,,,,,2301.933,58136.091,2.1,,999,,18,11,1.9806,0.4069,58178.28,*,0.41516,,,,,182.3,-0.06,,,204.1216,0.0182,1.001922414,-5.5391571,0.00112918,6.0047401,0.0093911,31.1893198,6.2329134,16.1606,/T,163.8215,10.6,0.252,0.0165,2.228,69.113,-15.05333,Psc,69.185624,31.1597198,14.7743759,,,134.288927,-36.474639,,0,9.079,6.341,10.973,1.494,34.535,103.01,11.074,0.817,0.0000545,0.54,1.97,0.000005,288.433,,163.8194,133.5953,65.0912,26.48483738,106.562161,25.50613
120,99942 Apophis (2004 MN4),2029-Apr-14 05:00,2462240.708,19.7,0.25,,,22.81039,25.41928,23.21426,25.56918,-6158.21,-3708.82,,,,,1723.054,57819.549,1.582,,999,,18,11,1.95805,0.4027,57843.34,*,0.410779,,,,,181.73,-0.06,,,204.1251,0.0183,1.00191131,-5.5350856,0.001141223,6.0054914,0.00949126,31.1893365,6.2289362,16.0676,/T,163.9145,10.5,0.2538,0.0167,1.661,69.046,-15.02019,Psc,69.185624,30.9878592,14.7485646,,,134.133904,-36.587635,,0,9.033,6.343,10.933,1.516,34.67,104.16,11.038,0.8114,0.000054,0.53,1.93,0.000005,288.4563,,163.9124,133.8716,65.5941,26.76729183,105.1492288,25.41928
121,99942 Apophis (2004 MN4),2029-Apr-14 05:05,2462240.712,19.7,0.25,,,22.65443,25.33407,23.058,25.48414,-6025.98,-3638.87,,,,,1156.827,57508.917,1.069,,999,,18,11,1.93638,0.3986,57519.7,*,0.406489,,,,,181.17,-0.06,,,204.1286,0.0185,1.001900214,-5.5310959,0.001153266,6.0061778,0.00959142,31.189348,6.2250399,15.9777,/T,164.0043,10.4,0.2557,0.0168,1.099,68.98,-14.98762,Psc,69.185624,30.8196275,14.7231687,,,133.981678,-36.698076,,0,8.988,6.345,10.894,1.538,34.803,105.27,11.002,0.806,0.0000534,0.52,1.89,0.000005,288.4789,,164.0022,134.1602,66.0913,27.04978,103.7398462,25.33407
122,99942 Apophis (2004 MN4),2029-Apr-14 05:10,2462240.715,19.7,0.25,,,22.50191,25.25047,22.90518,25.4007,-5897.96,-3570.83,,,,,602.835,57204.035,0.56,,999,,18,11,1.91555,0.3946,57206.98,*,0.402288,,,,,180.61,-0.06,,,204.1321,0.0186,1.001889126,-5.5271854,0.001165312,6.0068027,0.0096916,31.1893547,6.2212221,15.8908,/T,164.0911,10.3,0.2576,0.0169,0.544,68.916,-14.95563,Psc,69.185623,30.6549114,14.6981794,,,133.832176,-36.806047,,0,8.944,6.346,10.855,1.559,34.934,106.35,10.967,0.8008,0.0000529,0.51,1.86,0.000005,288.501,,164.0891,134.4613,66.5827,27.33229892,102.333904,25.25047
123,99942 Apophis (2004 MN4),2029-Apr-14 05:15,2462240.719,19.7,0.25,,,22.35271,25.16843,22.75569,25.31881,-5773.96,-3504.62,,,,,60.679,56904.745,0.057,,999,,18,11,1.89553,0.3906,56904.78,*,0.398171,,,,,180.06,-0.05,,,204.1356,0.0188,1.001878046,-5.5233519,0.001177358,6.0073695,0.00979179,31.1893573,6.2174806,15.8069,/T,164.1749,10.3,0.2595,0.0171,359.994,68.854,-14.92418,Psc,69.185623,30.4936022,14.6735881,,,133.685325,-36.911627,,0,8.901,6.347,10.817,1.58,35.062,107.39,10.932,0.7958,0.0000523,0.5,1.82,0.000005,288.5225,,164.173,134.7755,67.0683,27.61484577,100.9312817,25.16843
124,99942 Apophis (2004 MN4),2029-Apr-14 05:20,2462240.722,19.7,0.25,,,22.20673,25.0879,22.60943,25.23844,-5653.84,-3440.18,,,,,-470.026,56610.9,359.558,,999,,18,11,1.87628,0.3867,56612.71,*,0.394138,,,,,179.52,-0.05,,,204.1391,0.0189,1.001866974,-5.5195931,0.001189405,6.0078814,0.00989198,31.1893561,6.2138132,15.7258,/L,164.256,10.2,0.2614,0.0172,359.451,68.794,-14.89328,Psc,69.185623,30.3355957,14.6493862,,,133.541054,-37.014894,,0,8.859,6.348,10.78,1.6,35.188,108.4,10.898,0.7909,0.0000518,0.49,1.79,0.000005,288.5435,,164.254,135.1032,67.5481,27.8974179,99.53187951,25.0879
125,99942 Apophis (2004 MN4),2029-Apr-14 05:25,2462240.726,19.7,0.25,,,22.06387,25.00884,22.46628,25.15954,-5537.41,-3377.46,,,,,-989.644,56322.352,359.065,,999,,18,11,1.85777,0.3829,56330.43,*,0.390186,,,,,178.98,-0.05,,,204.1427,0.0191,1.001855909,-5.5159069,0.001201454,6.0083414,0.00999219,31.1893514,6.2102177,15.6473,/L,164.3343,10.1,0.2633,0.0174,358.914,68.735,-14.86289,Psc,69.185623,30.180792,14.6255656,,,133.399296,-37.11592,,0,8.817,6.349,10.744,1.62,35.311,109.38,10.865,0.7862,0.0000513,0.48,1.75,0.000005,288.564,,164.3324,135.4449,68.0221,28.1800128,98.13559727,25.00884
126,99942 Apophis (2004 MN4),2029-Apr-14 05:30,2462240.729,19.7,0.25,,,21.92402,24.93123,22.32616,25.08206,-5424.55,-3316.38,,,,,-1498.53,56038.963,358.576,,999,,18,11,1.83996,0.3792,56057.59,*,0.386312,,,,,178.45,-0.05,,,204.1462,0.0192,1.001844852,-5.5122912,0.001213503,6.0087523,0.0100924,31.1893438,6.2066922,15.5716,/L,164.41,10.1,0.2653,0.0175,358.383,68.677,-14.83303,Psc,69.185623,30.0290949,14.602118,,,133.259986,-37.214776,,0,8.777,6.35,10.708,1.64,35.433,110.32,10.833,0.7817,0.0000508,0.47,1.72,0.000005,288.584,,164.4081,135.801,68.4903,28.4626281,96.7423247,24.93123
127,99942 Apophis (2004 MN4),2029-Apr-14 05:35,2462240.733,19.7,0.25,,,21.7871,24.85501,22.18897,25.00599,-5315.09,-3256.91,,,,,-1997.01,55760.596,358.092,,999,,18,11,1.82283,0.3755,55793.85,*,0.382513,,,,,177.92,-0.05,,,204.1497,0.0194,1.001833801,-5.508744,0.001225553,6.0091167,0.01019262,31.1893335,6.2032347,15.4983,/L,164.4831,10,0.2672,0.0177,357.858,68.621,-14.80366,Psc,69.185623,29.8804121,14.5790357,,,133.123062,-37.311531,,0,8.737,6.351,10.673,1.659,35.552,111.24,10.801,0.7773,0.0000503,0.46,1.69,0.000005,288.6035,,164.4813,136.1721,68.9526,28.74526155,95.35198246,24.85501
128,99942 Apophis (2004 MN4),2029-Apr-14 05:40,2462240.736,19.7,0.25,,,21.653,24.78016,22.05462,24.93127,-5208.92,-3198.99,,,,,-2485.42,55487.12,357.613,,999,,18,11,1.80635,0.3719,55538.9,*,0.378789,,,,,177.4,-0.05,,,204.1532,0.0195,1.001822758,-5.5052634,0.001237604,6.0094371,0.01029284,31.1893209,6.1998432,15.4275,/L,164.5539,9.982,0.2692,0.0178,357.339,68.566,-14.77478,Psc,69.185623,29.734655,14.5563108,,,132.988462,-37.406248,,0,8.698,6.351,10.639,1.678,35.669,112.13,10.77,0.7731,0.0000498,0.46,1.65,0.000005,288.6226,,164.5521,136.5589,69.409,29.02791102,93.96446022,24.78016
129,99942 Apophis (2004 MN4),2029-Apr-14 05:45,2462240.74,19.7,0.25,,,21.52165,24.70663,21.92301,24.85788,-5105.89,-3142.56,,,,,-2964.06,55218.409,357.139,,999,,18,12,1.79048,0.3684,55292.43,*,0.375136,,,,,176.89,-0.05,,,204.1567,0.0197,1.001811721,-5.5018476,0.001249655,6.009716,0.01039307,31.1893062,6.1965161,15.359,/L,164.6222,9.935,0.2713,0.0179,356.825,68.513,-14.74638,Psc,69.185623,29.5917382,14.5339358,,,132.856129,-37.498991,,0,8.66,6.352,10.605,1.696,35.785,113,10.739,0.769,0.0000493,0.45,1.62,0.000005,288.6412,,164.6205,136.9617,69.8595,29.31057451,92.57968798,24.70663
130,99942 Apophis (2004 MN4),2029-Apr-14 05:50,2462240.743,19.7,0.25,,,21.39295,24.6344,21.79407,24.78577,-5005.89,-3087.57,,,,,-3433.24,54954.34,356.67,,999,,18,12,1.77521,0.365,55054.15,*,0.371552,,,,,176.38,-0.05,,,204.1603,0.0198,1.001800692,-5.4984947,0.001261707,6.0099555,0.0104933,31.1892898,6.1932515,15.2928,/L,164.6883,9.892,0.2733,0.0181,356.317,68.461,-14.71844,Psc,69.185623,29.4515797,14.5119033,,,132.726004,-37.589819,,0,8.622,6.352,10.571,1.714,35.898,113.84,10.709,0.765,0.0000488,0.44,1.59,0.000005,288.6594,,164.6866,137.3814,70.3041,29.59325012,91.1975654,24.6344
131,99942 Apophis (2004 MN4),2029-Apr-14 05:55,2462240.747,19.7,0.25,,,21.26684,24.56342,21.66772,24.71492,-4908.8,-3033.99,,,,,-3893.23,54694.794,356.205,,999,,18,12,1.7605,0.3616,54823.78,*,0.368037,,,,,175.88,-0.05,,,204.1638,0.0199,1.001789669,-5.4952031,0.001273759,6.0101579,0.01059353,31.1892719,6.1900478,15.2288,/L,164.7522,9.853,0.2754,0.0182,355.816,68.41,-14.69096,Psc,69.185623,29.3141006,14.4902061,,,132.598033,-37.67879,,0,8.585,6.352,10.539,1.731,36.01,114.65,10.68,0.7613,0.0000484,0.43,1.57,0.000005,288.6772,,164.7506,137.8186,70.7427,29.87593604,89.81803316,24.56342
132,99942 Apophis (2004 MN4),2029-Apr-14 06:00,2462240.75,19.7,0.25,,,21.14323,24.49367,21.54387,24.6453,-4814.5,-2981.76,,,,,-4344.3,54439.657,355.746,,999,,18,12,1.74634,0.3582,54601.04,*,0.364587,,,,,175.38,-0.05,,,204.1673,0.0201,1.001778652,-5.4919711,0.001285812,6.010325,0.01069377,31.1892528,6.1869033,15.167,/L,164.814,9.817,0.2774,0.0184,355.319,68.36,-14.66393,Psc,69.185623,29.179225,14.4688372,,,132.472163,-37.765959,,0,8.549,6.352,10.506,1.749,36.119,115.44,10.651,0.7576,0.0000479,0.42,1.54,0.000005,288.6946,,164.8124,138.2739,71.1754,30.15863057,88.44100092,24.49367
