,datetime_jd,datetime_str,Arecibo Telescope,Goldstone Radio Telescope,Green Bank Interferometer (GBI),Green Bank Telescope (GBT),Green Bank 140 Foot Telescope (140foot),Very Large Array (VLA),Very Long Baseline Array (VLBA),FAST,CDSCC,EDSCC,Tsukuba Space Center ,Usuda Deep Space Center ,GREAT,Okinawa Tracking and Communications Station ,Masuda Tracking and Communications Station ,Katsuura Tracking and Communications Station ,Bisei Space Guard Center,Kamisaibara Space Guard Center ,Uchinoura Space Center 
0,2462240.0625,2029-Apr-13 13:30,31.939220060744486,31.381215259584714,31.831008580665287,31.83100416722929,31.831040836768803,31.49429136760846,31.494284180187833,30.810661994754923,30.191357931857375,30.85849378123523,30.702620128912578,30.710128819315567,30.710130913745655,30.632213153328095,30.66622186833204,30.689203282543797,30.710201616701173,30.710201616701173,30.675374471132475
1,2462240.065972222,2029-Apr-13 13:35,31.67012877963538,31.115787124827072,31.561719704676623,31.561715298523296,31.561750351141704,31.22902790701161,31.22902072548643,30.51240481293919,29.907011054108995,30.568536371844598,30.4143752413091,30.421357642057938,30.42135598251421,30.33962583302591,30.374869795757274,30.400957998174285,30.41990645872704,30.41990645872704,30.38409225396661
2,2462240.069444444,2029-Apr-13 13:40,31.4007006995157,30.85040031524973,31.292218145073004,31.292213749632204,31.292247176247816,30.963736371989487,30.9637292007654,30.214417025406586,29.62311648469251,30.278901941605824,30.12652544027579,30.132975946166034,30.132970511979337,30.047431200902643,30.08390780604894,30.113112943302564,30.129991994903587,30.129991994903587,30.09319726633929
3,2462240.072916667,2029-Apr-13 13:45,31.13092879546778,30.585047100675876,31.02249719766145,31.02249281636887,31.022524608659904,30.69840868010523,30.698401523601035,29.91670992685453,29.339680199901707,29.989597545603658,29.839077425896324,29.844990680781383,29.84498145322916,29.755638423461413,29.79334432630162,29.825674863636905,29.840465962122767,29.840465962122767,29.802697868646128
4,2462240.076388889,2029-Apr-13 13:50,30.860806206755402,30.319719288452863,30.75254994759039,30.752545583880412,30.752575734246353,30.433036377792707,30.433029240434585,29.619294350905086,29.056708322438713,29.700629468867355,29.552037132548328,29.557408036978362,29.55739499935935,29.464256043636798,29.503187104887825,29.538649743986184,29.551335372924644,29.551335372924644,29.512601736515787
5,2462240.079861111,2029-Apr-13 13:55,30.590326242335482,30.054409157488987,30.482369927852034,30.48236558516216,30.482394086778456,30.167611448243584,30.1676043344672,29.32218179892599,28.774206760875625,29.41200481494389,29.265411238615318,29.270234953470272,29.27021809109825,29.17329327508363,29.213444597569374,29.2520443051488,29.262607982020594,29.262607982020594,29.22291725955768
6,2462240.083333333,2029-Apr-13 14:00,30.319482575982917,29.78910873088024,30.211950610824722,30.211946292587776,30.211973139332528,29.902125718731515,29.902118632975967,29.025382993942106,28.4921816202967,29.123729694005988,28.979205472889394,28.983477418613035,28.98345671883768,28.882758474319736,28.924124358925525,28.965864324648923,28.974290606168175,28.974290606168175,28.933651919918738
7,2462240.086805556,2029-Apr-13 14:05,30.048268951724936,29.52381036756407,29.941285815036238,29.941281524684662,29.941306711206106,29.636571317252024,29.636564263961827,28.728909462258567,28.21063881435323,28.835811096533067,28.693426354820314,28.69714221960096,28.697117671834,28.592660753105207,28.635234724543245,28.680116362637463,28.686390868707186,28.686390868707186,28.644813986734608
8,2462240.090277778,2029-Apr-13 14:10,29.776679151892402,29.25850593071783,29.67036913786378,29.67036487882429,29.670388400542326,29.370939947911644,29.370932931531964,28.43277269363694,27.92958433406408,28.54825563307126,28.408079981402555,28.411235735912914,28.41120733174131,28.303008962062627,28.34678371434381,28.394806558578242,28.398916033482347,28.398916033482347,28.35641140919836
9,2462240.09375,2029-Apr-13 14:15,29.504707558519787,28.993187979647907,29.399194772683064,29.399190548376758,29.399212401432266,29.105224023960133,29.105217048936517,28.13698383853324,27.64902420506542,28.26106982201036,28.123172400609707,28.125764283011325,28.125732016087795,28.01381177348694,28.058779207149012,28.109941002245645,28.111873255880315,28.111873255880315,28.068451997818297
10,2462240.097222222,2029-Apr-13 14:20,29.232348439691858,28.72784860780707,29.12775672015046,29.127752533990414,29.127772715298,28.83941553198394,28.83940860275933,27.841554556228516,27.368964420791823,27.97426035206069,27.838709732757444,27.840734270595146,27.84069813678521,27.72507809509563,27.77122927133448,27.82552585327883,27.82526984572171,27.82526984572171,27.780943751309625
11,2462240.100694444,2029-Apr-13 14:25,28.959596555376734,28.462480551677775,28.856049532506105,28.85604538789853,28.856063895119224,28.573507101298322,28.57350022231348,27.546496432598094,27.089411002901368,27.687834051034997,27.55469825624848,27.556152256019466,27.556112253319398,27.436816883374643,27.484142058490374,27.54156742746197,27.539113226581083,27.539113226581083,27.49389475459817
12,2462240.104166667,2029-Apr-13 14:30,28.686446624095492,28.197075872156432,28.584067441167658,28.584063341505892,28.584080173067534,28.307490766149993,28.307483941838,27.251821182892762,26.810370039484212,27.401797420114004,27.27114384941495,27.27202441841204,27.27198054711008,27.149036909808686,27.19752546549473,27.25807164157087,27.253410511729335,27.253410511729335,27.20731283312881
13,2462240.107638889,2029-Apr-13 14:35,28.41289384012849,27.93162735559262,28.311805282444862,28.311801231111794,28.31181638619339,28.041359271004307,28.04135250579189,26.957540614906527,26.53184764244091,27.116157296595954,26.988052736230255,26.988357272558883,26.988309535151576,26.861747168777327,26.911387653327193,26.975044754909376,26.968169114920055,26.968169114920055,26.921206080512736
14,2462240.111111111,2029-Apr-13 14:40,28.138933559229883,27.666127752028252,28.039258002115066,28.039254002481613,28.039267481031235,27.775105354160743,27.77509865246622,26.66366680237257,26.253849947974597,26.83092063715575,26.705431207595396,26.705157409919227,26.705105811173667,26.574956787864814,26.62573689779782,26.692493091727865,26.683396552230054,26.683396552230054,26.635582705143722
15,2462240.114583333,2029-Apr-13 14:45,27.864561455448833,27.40056979587494,27.766420646189637,27.76641670161065,27.76642850430951,27.508721793997367,27.5087151602273,26.370211576610714,25.976383293603934,26.546094016294468,26.423285183417246,26.42243105251293,26.42237559948944,26.28867458390078,26.340581137739893,26.41042260799996,26.399099981676212,26.399099981676212,26.350450575264254
16,2462240.118055556,2029-Apr-13 14:50,27.58977337539899,27.13494635561692,27.49328850527089,27.493284619085767,27.493294747388152,27.242201511138653,27.242194949687132,26.07718729821012,25.69945396721616,26.26168446156029,26.14162096050189,26.140184809643422,26.140125511750743,26.002909783208985,26.05592871895675,26.128839631743805,26.11528697012669,26.11528697012669,26.06581796858929
17,2462240.121527778,2029-Apr-13 14:55,27.314565531985263,26.86925056911717,27.21985716161004,27.21985333714134,27.21986179325045,26.975537720337137,26.97553123558442,25.784606301075847,25.423068435055374,25.977698963737613,25.86044480606676,25.858425259315833,25.858362128301312,25.717671581919483,25.771787954136357,25.84775046187431,25.831965050018784,25.831965050018784,25.78169312917928
18,2462240.125,2029-Apr-13 15:00,27.038934300757134,26.603475537017342,26.946122350329528,26.946118590881927,26.946125377789997,26.70872362775347,26.70871722406391,25.49248141195234,25.147233130944716,25.694144826360723,25.57976321274897,25.577159219482635,25.57709226951984,25.432969481794956,25.48816744270107,25.567161618516987,25.549142029229298,25.549142029229298,25.49808458899577
19,2462240.128472222,2029-Apr-13 15:05,26.76287655481387,26.33761468548763,26.672080083361895,26.67207639221877,26.672081513626647,26.44175280510644,26.441746486826464,25.200824966944545,24.87195492240303,25.411028872873167,25.299582275498672,25.296393099315804,25.29632234694941,25.148812576690013,25.205075365931343,25.28707923002076,25.266825287053663,25.266825287053663,25.215000457838457
20,2462240.131944444,2029-Apr-13 15:10,26.486389325314995,26.071661558038574,26.397726646670407,26.397723027094962,26.397726487476387,26.17461894693808,26.174612718395508,24.909650094057618,24.597240587956453,25.128358597247,25.01990864721009,25.016133881804393,25.01605934603605,24.865210571341066,24.922520511083075,25.007509975666736,24.985022810162967,24.985022810162967,24.93244945505871
21,2462240.135416667,2029-Apr-13 15:15,26.20946996079436,25.80560979025008,26.123058540732423,26.123054995965436,26.12305680056403,25.907315877354648,25.90730974285633,24.618970087481546,24.323097071670265,24.846141522706166,24.740748979272617,24.736388554823126,24.736310257155523,24.582173227360784,24.640511702911873,24.728460532652825,24.703742609074936,24.703742609074936,24.650440336597708
22,2462240.138888889,2029-Apr-13 15:20,25.932116281166046,25.539453436293464,25.848072594803718,25.848069128061617,25.848069282823516,25.639837859421544,25.63983182325252,24.32879798666238,24.049531807624554,24.56438494979215,24.4621097751748,24.45716394811492,24.457081912499163,24.29971014099749,24.359057595330487,24.449937435316183,24.422992516766598,24.422992516766598,24.3689816843306
23,2462240.142361111,2029-Apr-13 15:25,25.654326255049007,25.27318655152612,25.57276591675071,25.572762531226356,25.572761042898055,25.372179174935546,25.37217324135738,24.039147890452263,23.776552009308546,24.28309701916335,24.18399820595987,24.17846758403145,24.178381837005933,24.017831670900602,24.07816759183576,24.17194787530639,24.142781113553294,24.142781113553294,24.088082834621616
24,2462240.145833333,2029-Apr-13 15:30,25.376098338081427,25.006803401223344,25.29713581917676,25.297132518034918,25.297129394082845,25.104334365529215,25.104328538777256,23.750033485528395,23.504165467851017,24.002285362937144,23.90642101334618,23.900306548376683,23.900217119045077,23.736547787882735,23.79785067971646,23.89449862217667,23.863116537590862,23.863116537590862,23.807752701814323
25,2462240.149305556,2029-Apr-13 15:35,25.09743133406037,24.740298708567284,25.02118007540722,25.021176861786348,25.02117211042045,24.836298420689406,24.83629270497342,23.46146908422294,23.232380158908693,23.721958243782236,23.6293855223422,23.622688514964537,23.62259543501411,23.45586904012225,23.518116431449723,23.617597024850767,23.58400752163951,23.58400752163951,23.528000788045205
26,2462240.152777778,2029-Apr-13 15:40,24.818324440845323,24.473667392404955,24.744896720294133,24.744893597303914,24.74488722745591,24.568066558502323,24.5680609580045,23.173469155786083,22.961204456299104,23.442123944707962,23.352899078333614,23.345621181226107,23.345524484958585,23.17580605628501,23.238974476279736,23.341250454385527,23.305462836275787,23.305462836275787,23.248836649763717
27,2462240.15625,2029-Apr-13 15:45,24.538777179190458,24.20690443366146,24.468284125612108,24.468281096332404,24.46827311772096,24.299634096476176,24.299628615348393,22.88604898818248,22.69064668925513,23.162791328387442,23.076969467350217,23.06911270629171,23.069012430744817,22.89637000583857,22.96043496363746,23.065466714981817,23.027491762763763,23.027491762763763,22.970270366492386
28,2462240.159722222,2029-Apr-13 15:50,24.25878960005372,23.940005466507206,24.191341066578005,24.191338134058004,24.19132855709272,24.030996998326447,24.03099164069133,22.599223669801248,22.420716083687147,22.88396914586864,22.80160450033993,22.793171256705286,22.79306744156365,22.617572047169354,22.682508026841983,22.790253644771006,22.750103556007577,22.750103556007577,22.69231199628089
29,2462240.163194444,2029-Apr-13 15:55,23.978362115800742,23.672966213940196,23.914066692051712,23.914063859308797,23.91405269515809,23.76215135485357,23.762146124801667,22.313009187160105,22.151421869080455,22.60566678796333,22.526812483306745,22.517805516275047,22.5176982039993,22.339423942191026,22.40520437978088,22.51561956925621,22.473308040301326,22.473308040301326,22.41497218060163
30,2462240.166666667,2029-Apr-13 16:00,23.697495642164025,23.405782775620633,23.63646046347209,23.63645773348913,23.63644499401517,23.493093656745923,23.493088558334595,22.027421519670767,21.88277405587945,22.32789354345234,22.25260169262232,22.243024133696736,22.242913369511605,22.06193746826981,22.128534724699364,22.241572791007425,22.19711500275513,22.19711500275513,22.13826154389526
31,2462240.170138889,2029-Apr-13 16:05,23.416191531981898,23.138451611000708,23.35852242481274,23.358519800539355,23.358505498383145,23.22382076683524,23.223815804087447,21.74247783300006,21.61478264538036,22.050659726336963,21.97898126900519,21.96883664315824,21.968722475163112,21.78512532880925,21.852510686554414,21.968122466551538,21.92153515929301,21.92153515929301,21.862191638855695
32,2462240.173611111,2029-Apr-13 16:10,23.134451687762464,22.87096958488278,23.080252897014425,23.08025038136332,23.080234529846734,22.954329977799393,22.95432515470266,21.4581951210302,21.347458704703396,21.773975368738473,21.705960195836532,21.6952524111758,21.695134890314957,21.50900012602347,21.577143751607352,21.695277606021538,21.64657905001821,21.64657905001821,21.586773871123796
33,2462240.177083333,2029-Apr-13 16:15,22.85227849182485,22.603334200739717,22.801652855855654,22.8016504517054,22.801633064878178,22.684619199564114,22.68461452007172,21.17459150575618,21.080813678720524,21.497851584616285,21.43354845773267,21.422281815686553,21.42216099579915,21.233575480320514,21.302446428764686,21.4230482149701,21.372258245475763,21.372258245475763,21.312020672486867
34,2462240.180555556,2029-Apr-13 16:20,22.569674941935816,22.335542921092667,22.5227235954887,22.52272130567729,22.522702398324377,22.41468639533,22.414681863354808,20.891685521047773,20.814859402389878,21.22229947775099,21.161755942118095,21.149935156776785,21.149811094732677,20.958865094395144,21.02843125020497,21.151444200707815,21.098584296521704,21.098584296521704,21.037944494978913
35,2462240.184027778,2029-Apr-13 16:25,22.286644570559638,22.06759413770864,22.243467030958996,22.243464858286842,22.243444445882464,22.144530402114928,22.144526021533284,20.609496387510994,20.549608827218254,20.94733092195098,20.890593395361083,20.878223583149392,20.87809633879678,20.68488350226113,20.75511158066176,20.880476334957937,20.825569582040657,20.825569582040657,20.764558620272748
36,2462240.1875,2029-Apr-13 16:30,22.003191534806398,21.79948667773227,21.96388570040628,21.963883647635353,21.963861746386364,21.874150519011458,21.87414629366124,20.328044383908992,20.28507534648931,20.672958615286607,20.620072282184054,20.607158979098358,20.607028615367412,20.411646053039473,20.48250157639218,20.6101561026158,20.553227258919637,20.553227258919637,20.49187712301618
37,2462240.190972222,2029-Apr-13 16:35,21.719320670704906,21.531219736562377,21.683982587855347,21.683980657705213,21.683957284514324,21.603546456290328,21.603542389968336,20.04735025872721,20.021273312372823,20.399195448514188,20.350204274157157,20.33675344166311,20.33662002462799,20.139168427271503,20.21061567594249,20.34049520014399,20.281570725209875,20.281570725209875,20.219914354570896
38,2462240.194444444,2029-Apr-13 16:40,21.43503751575793,21.262793146034863,21.403761375468488,21.403759570616067,21.403734743098138,21.332718568679063,21.332714665140404,19.767435821849194,19.75821785241407,20.126055189303667,20.08100186735212,20.067019903048664,20.066883501997495,19.86746720890072,19.93946919837268,20.07150614673708,20.01061424335141,20.01061424335141,19.948685546438615
39,2462240.197916667,2029-Apr-13 16:45,21.150348327821952,20.994207494195457,21.12322649422289,21.123224817303097,21.123198553795564,21.061667959378394,21.06166422233697,19.488324042022086,19.495925026995703,19.85355260992139,19.812478528920593,19.79797227485287,19.797832962344895,19.596560021245377,19.669078481629548,19.803202431943866,19.740373079100987,19.740373079100987,19.678206948224243
40,2462240.201388889,2029-Apr-13 16:50,20.865260141060087,20.725463933636185,20.842382953079515,20.842381406682225,20.842353726206916,20.790396321295493,20.79039275442248,19.210038642526815,19.234412151433347,19.581702957254592,19.544648227218136,19.529624975230824,19.529482827158315,19.326465117895733,19.39946044275738,19.535598052221196,19.47086303315858,19.47086303315858,19.40849538243234
41,2462240.204861111,2029-Apr-13 16:55,20.579780791697587,20.456564402092475,20.56123654181923,20.56123512848918,20.561206050754834,20.518906129031432,20.518902735955486,18.932604601718317,18.973697704396454,19.31052251553017,19.277525944639745,19.26199344567472,19.261848541333954,19.057201865363854,19.13063307899637,19.268708019017645,19.202100959803346,19.202100959803346,19.1395687493399
42,2462240.208333333,2029-Apr-13 17:00,20.293919118915,20.18751161098209,20.27979408299994,20.279792805236035,20.279762350706868,20.24720066241461,20.247197446719465,18.656048546897,18.713800840064966,19.0400289192976,19.011127854699307,18.99509434269845,18.99494676492783,18.78879093781829,18.86261567018016,19.00254852630441,18.93410498452016,18.93410498452016,18.871446235103125
43,2462240.211805556,2029-Apr-13 17:05,20.007684783074524,19.91830900293228,19.998062912202453,19.998061772454328,19.99802996224347,19.975283931287997,19.97528089651295,18.380397781126593,18.454742831559713,18.770240175679877,18.74547066105801,18.728944847159163,18.72879468236292,18.52125369670809,18.595428108336623,18.737136314453146,18.666893772191578,18.666893772191578,18.604147624676575
44,2462240.215277778,2029-Apr-13 17:10,19.721088556223577,19.648961088237012,19.716051643951783,19.716050644621554,19.716017500585693,19.703161016027035,19.703158165666284,18.105681776996803,18.196545756226442,18.501176204157286,18.480572793149154,18.463563891866833,18.463411230158343,18.25461332652267,18.329092095260506,18.472489838274733,18.40048779673594,18.40048779673594,18.33769451834354
45,2462240.21875,2029-Apr-13 17:15,19.434142316202983,19.379473193554993,19.43376974776941,19.43376889120786,19.433734435908885,19.43083784354076,19.43083518104154,17.83193124539216,17.939233462939704,18.232857760003153,18.216453535469466,18.19897127441083,18.198816209710223,17.98889404987282,18.063630300991345,18.208628414395832,18.13490844064304,18.13490844064304,18.07210947679385
46,2462240.222222222,2029-Apr-13 17:20,19.14685901440638,19.109851746260414,19.151227694812306,19.151226983318583,19.15119124000417,19.15832142176284,19.158318950526652,17.559178632446212,17.682831768751807,17.965307015660372,17.95313361045133,17.93518823910803,17.935030869228626,17.72412167909197,17.79906692960607,17.94557280312661,17.87017857096867,17.87017857096867,17.807416588401964
47,2462240.225694444,2029-Apr-13 17:25,18.859253023104117,18.84010428126518,18.868437313358225,18.868436749177896,18.868399741832548,18.88561990339143,18.88561762677134,17.287458478893623,17.427367871561348,17.698547815318584,17.690635271530862,17.67223758678136,17.672078013591637,17.460323729272556,17.53542784040375,17.68334529022017,17.606322678639284,17.606322678639284,17.543641597092403
48,2462240.229166667,2029-Apr-13 17:30,18.571339996631384,18.570239554139754,18.585411581483566,18.5854111668073,18.58537292012843,18.612742651293534,18.61274057259477,17.016807285981663,17.172871248636753,17.432605559582328,17.428982348080964,17.410143705441637,17.409982034973694,17.19752948058903,17.27274058834568,17.4219697441607,17.343366889336714,17.343366889336714,17.280811934729524
49,2462240.232638889,2029-Apr-13 17:35,18.283137072852025,18.300267725628416,18.302164940076455,18.302164677039872,18.30212521646758,18.339700427822443,18.33969855030251,16.7472640349483,16.919373424613728,17.167507713109675,17.168200655970406,17.14893299035638,17.148769332952902,16.935770381434292,17.01103484089679,17.16147201924571,17.081339397677986,17.081339397677986,17.01895714292774
50,2462240.236111111,2029-Apr-13 17:40,17.994663046243378,18.030200221737616,18.018713217539084,18.018713108218343,18.01867245992098,18.066505297210725,18.066503624076894,16.47886986600211,16.666908322998175,16.903283330125916,16.908317568211505,16.888633413571398,16.888467884047397,16.675079688091017,16.750341985110463,16.901879531816995,16.820270045360157,16.820270045360157,16.758108475073715
51,2462240.239583333,2029-Apr-13 17:45,17.70593840027734,17.760050048201418,17.73507383207741,17.735073878488166,17.73503206937094,17.793170894596646,17.793169429006284,16.21166866226417,16.41551249901571,16.63996369790923,16.649362648952312,16.629275158665262,16.629107876468673,16.415493076836814,16.490695751638775,16.643221892731354,16.560190954122856,16.560190954122856,16.498299521981608
52,2462240.243055556,2029-Apr-13 17:50,17.416985661999,17.48983195229985,17.451266161170057,17.451266365265525,17.451223423023052,17.519712621086974,17.51971136614554,15.945707400430207,16.165224880811774,16.377582635774704,16.391367849606823,16.37089082678346,16.3707219161976,16.157048843230807,16.232132422475953,16.385531096017825,16.301136747970173,16.301136747970173,16.239566424250693
53,2462240.246527778,2029-Apr-13 17:55,17.127829317368747,17.219562417418725,17.16731130053933,17.167311664207336,17.16726761730135,17.24614761241841,17.246146571179345,15.68103602582951,15.916087728305572,16.116176282495992,16.134367443705667,16.11351536139733,16.113344951721775,15.899787901088791,15.97469079194538,16.12884146657937,16.04314447193165,16.04314447193165,15.98194782396619
54,2462240.25,2029-Apr-13 18:00,16.83849631838558,16.949259947019215,16.88323264950454,16.883233174564086,16.88318805227654,16.972495065285734,16.972494240747352,15.417708004891352,15.668146119352516,15.85578362256329,15.878398387654018,15.857186423530404,15.857014649315422,15.643754123258855,15.718412530625727,15.873190008148509,15.786253987156517,15.786253987156517,15.725485237048774
55,2462240.253472222,2029-Apr-13 18:05,16.549015747152858,16.678945206300938,16.59905559194597,16.59905628014684,16.599010112563096,16.698776285204712,16.69877568031329,15.155780646987543,15.421449278619363,15.596446782203884,15.623500806582802,15.601944864663809,15.601771865912474,15.388994883132165,15.46334269197233,15.618616904663451,15.530508432468901,15.530508432468901,15.470223549422558
56,2462240.256944444,2029-Apr-13 18:10,16.259419850837833,16.408641105023733,16.314808288854792,16.31480914186935,16.314761959930607,16.42501493193969,16.42501454958187,14.895315032884167,15.176049558435297,15.338210783171549,15.369717503165477,15.347834256804946,15.347660179261052,15.135560576016022,15.209529245798457,15.365165011760418,15.275953789338262,15.275953789338262,15.216210560570126
57,2462240.260416667,2029-Apr-13 18:15,15.9697437174462,16.138373232639076,16.0305216143614,16.030522633783427,16.030474469321238,16.15123732052503,16.15123716352884,14.636376950572828,14.932003614878152,15.081124558235866,15.117095100699549,15.094902026755939,15.094727022163838,14.883505767590222,14.957024219642172,15.112881009107404,15.02264000396682,15.02264000396682,14.963498119642843
58,2462240.263888889,2029-Apr-13 18:20,15.680025700727242,15.86817000625657,15.74622945627002,15.746230643610852,15.746181529385781,15.877472608410251,15.877472679543505,14.379037110576164,14.689372602252849,14.82524104258325,14.865684095596698,14.843199514398407,14.843023740799202,14.632889288971375,14.705883780493897,14.861815451435566,14.770621061301448,14.770621061301448,14.712142207203387
59,2462240.267361111,2029-Apr-13 18:25,15.390307855708304,15.598062824055148,15.461968986269612,15.461970342951128,15.461920312679679,15.603752986812612,15.603753288778908,14.123371293086443,14.448222525239593,14.570617188594127,14.615538861459257,14.592781980126384,14.592605602182259,14.383774290357902,14.45616826938995,14.612022773479048,14.519955005384569,14.519955005384569,14.46220296821613
60,2462240.270833333,2029-Apr-13 18:30,15.10063645832091,15.328086512994778,15.177781231915507,15.177782759263332,15.17773184768496,15.330114139939356,15.330114675373155,13.869461005087507,14.208624329680326,14.317314603292996,14.366718202632986,14.343709165922833,14.343532355270094,14.136228785226981,14.207942757539087,14.363561837106987,14.270704511121115,14.270704511121115,14.213745272484658
61,2462240.274305556,2029-Apr-13 18:35,14.811062159992273,15.058279660662723,14.893711261971223,14.893712961209422,14.893661204147472,15.056595535021454,15.05659630648574,13.617394186138826,13.970654738333009,14.06540018209485,14.119286027590745,14.09604596912827,14.095868904749617,13.890326369449161,13.961277747877443,14.116496608962006,14.0229375662704,14.0229375662704,13.966839412979382
62,2462240.277777778,2029-Apr-13 18:40,14.521640628375442,14.78868487720746,14.609808627362485,14.609810499604254,14.609757934019958,14.783240736670269,14.783241746650834,13.367265441031973,13.734396631273679,13.814946193893237,13.873311403533146,13.849862501931069,13.849685370561687,13.64614632517732,13.71624926122012,13.870896214544688,13.776727546228145,13.776727546228145,13.721561191227789
63,2462240.28125,2029-Apr-13 18:45,14.232433173329238,14.519349249032379,14.32612793081101,14.326129977047989,14.326076641111563,14.510097881320576,14.510099132218839,13.119176646895514,13.499939447244879,13.566030808453409,13.628869034255967,13.605234575040397,13.605057571604718,13.403774119546457,13.472939331725984,13.62683541321604,13.532153710323538,13.532153710323538,13.477992414241552
64,2462240.284722222,2029-Apr-13 18:50,13.943507355440332,14.250325032789195,14.0427295802146,14.042731801308252,14.042677734526814,14.237220353181804,14.2372218473085,12.873238090420882,13.267379546381889,13.318739235429017,13.386040308773323,13.362244755007344,13.362068083089959,13.163302438401852,13.231437057530533,13.384395639752821,13.28930227121038,13.28930227121038,13.236221950213823
65,2462240.288194444,2029-Apr-13 18:55,13.654937505003904,13.981669827367082,13.759679971552645,13.759682368220627,13.759627611507119,13.964666986738244,13.964668726305225,12.629568673492194,13.03682137130212,13.073163679746798,13.144913338134094,13.12098240007376,13.120806272423174,12.924831342102992,12.991838703382728,13.14366505105768,13.04826644769605,13.04826644769605,12.996345822624816
66,2462240.291666667,2029-Apr-13 19:00,13.366806009227325,13.713447426090726,13.477052731087854,13.477055303887512,13.476999899693949,13.692502992758449,13.69250497986552,12.388296692310576,12.8083773331927,12.829404123249121,12.905583562664962,12.88154427913211,12.881368918194001,12.688468821179057,12.754248288742414,12.904739119398833,12.809147094264217,12.809147094264217,12.758467808001805
67,2462240.295138889,2029-Apr-13 19:05,13.079203831160184,13.445728360777709,13.194929174845221,13.194931924157,13.194875916603783,13.420800472986999,13.420802709610443,12.149560880191501,12.582169045222575,12.587569223140907,12.668154682361598,12.644035505139026,12.643861143629897,12.454331802713858,12.518778566463341,12.667721567611848,12.572053651775466,12.572053651775466,12.52270041053551
68,2462240.298611111,2029-Apr-13 19:10,12.792231823212449,13.178590710535973,12.913399440361284,12.913402366367615,12.913345801400824,13.149639301366891,13.149641789343187,11.913511120114705,12.35832772804455,12.347776951217961,12.43273919209188,12.408570078241631,12.408396959751387,12.222546681159276,12.285551561843203,12.432724897036978,12.337104702500534,12.337104702500534,12.289165405673023
69,2462240.302083333,2029-Apr-13 19:15,12.506001908081199,12.91212104589848,12.632563618033569,12.632566720696177,12.632509646287353,12.879108091596175,12.879110832603917,11.680309626203389,12.136994922771393,12.110155729252934,12.199459428622903,12.175271940910593,12.175100320539137,11.993250363363567,12.05469962717925,12.199871428413692,12.104429038276328,12.104429038276328,12.057994898781395
70,2462240.305555556,2029-Apr-13 19:20,12.220638529675734,12.646415243238133,12.35253285685607,12.352536135886481,12.352478602224057,12.60930509240088,12.609308087937404,11.450131555164303,11.918323390746131,11.874844906170221,11.96844800947845,11.944275420492925,11.944105565509851,11.766590741046974,11.82636590146414,11.969293739649945,11.874166114119378,11.874166114119378,11.829331784743763
71,2462240.309027778,2029-Apr-13 19:25,11.936280174837806,12.381579573982014,12.073430721496665,12.073434176322893,12.073376236038612,12.3403393251938,12.340342576548382,11.223166176523023,11.702477991888879,11.64199587647208,11.739848866220434,11.715726269541845,11.715558460074481,11.542727721353227,11.600705349020092,11.741135693425884,11.646467099685976,11.646467099685976,11.603330790347199
72,2462240.3125,2029-Apr-13 19:30,11.653081362973252,12.117732175832064,11.795395088831803,11.795398718561355,11.795340427032022,12.07233212745882,12.072335635680897,10.999618228419758,11.4896361855363,11.411773514393612,11.513818508215184,11.489782938884032,11.489617468616421,11.321834407910503,11.377885984683566,11.515553686776162,11.4214961545226,11.4214961545226,11.380159710005367
73,2462240.315972222,2029-Apr-13 19:35,11.371214500819457,11.855004122610849,11.518579553480423,11.518583356854698,11.51852477249286,11.805418312138924,11.805422078000303,10.779708759944011,11.279989363817974,11.184356890136732,11.290526720756965,11.266617277764844,11.266454454655076,11.104097836940058,11.158089593934857,11.292717350049962,11.199431137380378,11.199431137380378,11.160000124563231
74,2462240.319444444,2029-Apr-13 19:40,11.090872684588536,11.593541172299243,11.243155845882598,11.243159821221544,11.243101005813733,11.539748072558908,11.539752096505698,10.563675987045196,11.073743320691806,10.959940266122299,11.070157392875101,11.046415365018031,11.046255511981872,10.88971967704238,10.941512486922711,11.072810359832918,10.980464422397642,10.980464422397642,10.943048166665728
75,2462240.322916667,2029-Apr-13 19:45,10.8122721324423,11.33350572983782,10.969316245800224,10.969320390944329,10.969261410102886,11.275488996522636,11.275493278623188,10.351777296522043,10.87111910760827,10.738735302841285,10.852910537535111,10.829379538365565,10.829222993960101,10.67891812469399,10.728367457901157,10.85603244284709,10.76480492404327,10.76480492404327,10.72951649312707
76,2462240.326388889,2029-Apr-13 19:50,10.535655722784004,11.075078576939184,10.697276173725637,10.697280485958174,10.697221409523998,11.012828058042968,11.012832597919086,10.144289051926533,10.672353969249107,10.520970963075897,10.639002149953955,10.615728242411224,10.615575361428474,10.471927658309017,10.51888356498336,10.642599229731559,10.552677911026695,10.552677911026695,10.519634068367658
77,2462240.329861111,2029-Apr-13 19:55,10.261296387944096,10.818461573299809,10.427277600986436,10.427282076951823,10.42722297955926,10.751974415754345,10.75197921250545,9.941508744498892,10.477701812156107,10.306896158522463,10.428666585119615,10.405698412168594,10.405549566166156,10.269001141497332,10.313308357238295,10.432744606022272,10.344327356856605,10.344327356856605,10.313648413461777
78,2462240.333333333,2029-Apr-13 20:00,9.989500807032126,10.563879665282963,10.15959189726086,10.159596532864978,10.159537494496275,10.493161646012894,10.493166698125476,9.743755420728117,10.287434525615454,10.09678038052674,10.222157156949258,10.199546061749034,10.199401639490763,10.07041030416336,10.111908390269052,10.226721307458629,10.140016492328819,10.140016492328819,10.111826125560588
79,2462240.336805556,2029-Apr-13 20:05,9.720614919226648,10.311584441459354,9.894524751738173,9.894529542030648,9.894470648663704,10.236651629039063,10.236656934274741,9.551369991003375,10.101841595170155,9.890914924670707,10.019747085778285,9.99754721448773,9.997407622128609,9.876446172868953,9.914969850466656,10.024801834047187,9.940028625227562,9.940028625227562,9.914453531307567
80,2462240.340277778,2029-Apr-13 20:10,9.455028351873075,10.061857058494295,9.632420082443177,9.63242502148535,9.632366365826103,9.982737684281068,9.982743239550523,9.364716325067784,9.921231023690536,9.689614638849159,9.821731129747937,9.799999520615822,9.799865181724345,9.687420392393625,9.72279999183821,9.827280065586493,9.744668686544449,9.744668686544449,9.721838138722006
81,2462240.34375,2029-Apr-13 20:15,9.193180715964893,9.815012237736624,9.373665569903359,9.373670650613878,9.373612332896464,9.731748957405644,9.731754758617392,9.184180966642334,9.745928971247736,9.493218850776294,9.62842631807308,9.607222956767707,9.607094311986076,9.503665334785369,9.535727466055496,9.634471964519253,9.554263775557164,9.554263775557164,9.534308995909914
82,2462240.347222222,2029-Apr-13 20:20,8.935567628694004,9.571402020312531,9.118697848277286,9.118703062254607,9.118645191080033,9.484054545402767,9.484060587287951,9.010172756452556,9.57627992154564,9.302092172320204,9.44017268294139,9.419560518467414,9.419438024809946,9.325534272928799,9.354102684585687,9.446716288041687,9.369163698879264,9.369163698879264,9.352217073955673
83,2462240.350694444,2029-Apr-13 20:25,8.682747627568059,9.331420285895737,8.868008692479016,8.86801402980009,8.867956723031206,9.240068450046342,9.24007472595565,8.843121916637157,9.412646010742256,9.116625233518468,9.257333885995292,9.237378793526553,9.23726292318087,9.153401223699019,9.178297929685245,9.264375185350634,9.189741332318237,9.189741332318237,9.175935408095967
84,2462240.354166667,2029-Apr-13 20:30,8.435349844575857,9.095508071860614,8.622152136650254,8.62215758564599,8.622100971357236,9.000255382456876,9.000261884126681,8.683478463366662,9.255405570412174,8.93723526581055,9.080297701893247,9.061068373755814,9.060959612224417,8.987660407300694,9.008707162223587,9.087834644966167,9.016392752164233,9.016392752164233,9.00585894380288
85,2462240.357638889,2029-Apr-13 20:35,8.194080708255646,8.864158090024379,8.381750562409572,8.38175610941689,8.381700326824749,8.765135736806917,8.765142454096571,8.531710091176487,9.104952206249889,8.764365981763014,8.909476001753386,8.89104375955231,8.890942603156821,8.828725358265318,8.845745410492299,8.917504460488123,8.84953687125592,8.84953687125592,8.842403949227515
86,2462240.361111111,2029-Apr-13 20:40,7.959732306239927,8.637920724811112,8.147502508291222,8.147508137378749,8.147453337648901,8.535292211607382,8.535299132198494,8.388297718412396,8.961692119404232,8.598486060700067,8.745303395189772,8.727741878011166,8.72764883039393,8.677026210257711,8.689846482939375,8.7538168437738,8.68961353811309,8.68961353811309,8.686005765516233
87,2462240.364583333,2029-Apr-13 20:45,7.733187793637132,8.417408985375841,7.920188672575268,7.92019436526425,7.9201407123021195,8.31137510842959,8.311382217504402,8.253732815722431,8.826041742616596,8.44008918833998,8.588237471262602,8.571622220476153,8.571537788271511,8.533008787290768,8.541462431479916,8.597226644267982,8.537083321936555,8.537083321936555,8.537118300715669
88,2462240.368055556,2029-Apr-13 20:50,7.515428104999899,8.203304462380531,7.700678833966413,7.700684568938141,7.7006322398041505,8.094108878379714,8.094116158266052,8.128510081086299,8.698423812992553,8.289690303500638,8.438755583389913,8.423163448734934,8.423088135915153,8.397129783375222,8.401059202424822,8.448208122449845,8.392423570947129,8.392423570947129,8.396209710148806
89,2462240.371527778,2029-Apr-13 20:55,7.307532633787528,7.9963600343448125,7.489934136936962,7.489939889756697,7.489889074776886,7.884294983020872,7.88430241283081,8.013122433522751,8.579264443916035,8.147823048815297,8.297352968885678,8.282861384615734,8.282795685960613,8.269853936627626,8.269114068615359,8.307253083987318,8.256126038036701,8.256126038036701,8.26375983201713
90,2462240.375,2029-Apr-13 21:00,7.110680835498291,7.797405487583237,7.289011437787328,7.289017180663029,7.288968082941148,7.682817725440096,7.682825280703143,7.9080520163267645,8.468987039460945,8.01503507689553,8.164538888059024,8.151224924576463,8.151169317517448,8.15164823816629,8.146110401943547,8.174867014168088,8.12869212352088,8.12869212352088,8.140254990676455
91,2462240.378472222,2029-Apr-13 21:05,6.926143708946568,7.607346221524586,7.09905852884857,7.09906423045544,7.099017064675729,7.490642598083142,7.490650250409954,7.813762936557547,8.368008556559856,7.891882497976881,8.040832268492077,8.028771539153,8.028726474816205,8.042977034298357,8.032532851609664,8.051564782166821,8.010628051937719,8.010628051937719,8.02618314319923
92,2462240.381944444,2029-Apr-13 21:10,6.755272815521692,7.427163437427561,6.921308772409374,6.921314397819301,6.92126938801519,7.308815872565987,7.308823589363215,7.730690899117632,8.276733040544782,7.778922591201554,7.926755803942128,7.916021150176189,7.915987043034727,7.9442948233279465,7.92886045225938,7.937864788947023,7.902438185135651,7.902438185135651,7.9220269753941475
93,2462240.385416667,2029-Apr-13 21:15,6.5994776226158125,7.257907146016116,6.757065615315734,6.757071126078161,6.757028502274599,7.138456267309249,7.138464011593581,7.659234569681978,8.195546474546383,7.676705783682764,7.82282952273917,7.81348956182991,7.813466778764166,7.856039767872624,7.835560026166745,7.834282634022307,7.804618225669663,7.804618225669663,7.828257242418949
94,2462240.388888889,2029-Apr-13 21:20,6.460195185930635,7.100686156337552,6.6076810181212515,6.6076863725423225,6.6076463660129905,6.980742996870345,6.980750727223919,7.599745664751723,8.124810722771233,7.585765935072997,7.729562853355997,7.721680383042725,7.721669231836637,7.778625841566445,7.753078160687829,7.741323296331739,7.71764692857623,7.71764692857623,7.745324673430011
95,2462240.392361111,2029-Apr-13 21:25,6.338848748107115,6.956651424292756,6.474524102547503,6.4745292562157415,6.474492093373106,6.836896326448772,6.836903997171475,7.552520639815104,8.064857833000625,7.506610293703478,7.647446348229664,7.641076685861299,7.641077403794125,7.7124355441660715,7.681833467466828,7.659472999403931,7.641977824075103,7.641977824075103,7.673652129836795
96,2462240.395833333,2029-Apr-13 21:30,6.236797149044358,6.8269724996300996,6.358940444217532,6.358945350799978,6.358911245733765,6.708150517974238,6.708158079478178,7.517792747578836,8.01598471288588,7.439707876159626,7.5769418172234975,7.572131144394707,7.572143887546237,7.657811917052901,7.622207851891061,7.589189513776563,7.578029681628104,7.578029681628104,7.61362574460171
97,2462240.399305556,2029-Apr-13 21:35,6.155277632639411,6.712807904652698,6.262203844702313,6.262208457018843,6.262177602970243,6.595720050545205,6.595727450031076,7.4957255726626695,7.978448038047637,7.385477744499454,7.518472119014444,7.51525591162503,7.515280745495016,7.615050928092567,7.574537948919499,7.530892124807134,7.52617695897603,7.52617695897603,7.5655862149680475
98,2462240.402777778,2029-Apr-13 21:40,6.095345101883441,6.6152689319307685,6.185462167123975,6.1854664384728375,6.185438998909303,6.5007588333163975,6.500766015751991,7.486409549148731,7.95245954632468,7.344278325522594,7.472411443218742,7.470813111433791,7.4708500037329895,7.584395250537491,7.539107717114709,7.484952083581266,7.48674121384562,7.48674121384562,7.529821246819959
99,2462240.40625,2029-Apr-13 21:45,6.0578153398046215,6.53538000021165,6.129682540370332,6.1296864260256605,6.129662525878045,6.424316121315046,6.424323030698164,7.4898590521324,7.9381820483388505,7.316396354372049,7.439074855146507,7.439104654281181,7.439153470302797,7.566027724832417,7.516140605175058,7.451682313950529,7.45998200591791,7.45998200591791,7.506557570318357
100,2462240.409722222,2029-Apr-13 21:50,6.043216721660492,6.474036389190446,6.095599855731038,6.095603314499961,6.095583032614519,6.367290398588978,6.36729697944271,7.506012912185188,7.935725905072603,7.302038081064731,7.418709246023099,7.42036357971283,7.42042408099597,7.560066775593111,7.505793573929566,7.431328486783555,7.44608960629724,7.44608960629724,7.495954827285528
101,2462240.413194444,2029-Apr-13 21:55,6.051758220274452,6.431964581556598,6.083675639608033,6.083678635302287,6.083661998866341,6.330387140525725,6.330393339530864,7.534736066131993,7.945146355591396,7.301321894269451,7.411485123656723,7.414746273725569,7.414818120099574,7.566562525005227,7.508151903076318,7.424060895890345,7.445178609732754,7.445178609732754,7.498100268894505
102,2462240.416666667,2029-Apr-13 22:00,6.083316816701804,6.409688008695071,6.094071695112836,6.094074197792468,6.0940611795955535,6.314083671787474,6.314089439429032,7.575824255768474,7.9664414819952984,7.314274599655169,7.417491220084459,7.422327554373654,7.42241030949289,7.585495438873128,7.523226694160867,7.429969087261422,7.457284444335736,7.457284444335736,7.513006192085384
103,2462240.420138889,2029-Apr-13 22:05,6.137447243855331,6.407502497674442,6.126642317587557,6.126644304443853,6.126634823157777,6.318605857403657,6.318611149486179,7.629008912399991,7.999551635295467,7.34082939043175,7.436730452745608,7.443097073578528,7.443190213511734,7.6167756035464365,7.550953246798698,7.449057799537276,7.482361012804562,7.482361012804562,7.5406082829117835
104,2462240.423611111,2029-Apr-13 22:10,6.213411300801298,6.425463047177682,6.1809455397952755,6.180946995597406,6.180940919251619,6.343918152993108,6.343922931890148,7.693964684450103,8.044359561593966,7.380828059702453,7.469119492161346,7.4769593186575305,7.477062243209647,7.660244834826141,7.591192565676021,7.481246442320168,7.520281787785654,7.520281787785654,7.580767141602734
105,2462240.427083333,2029-Apr-13 22:15,6.310223628271248,6.463384867892054,6.256272346871744,6.256273263959778,6.256270415992482,6.389729602786508,6.389733838322464,7.770316956259663,8.100692418175997,7.434025723115212,7.514490906634495,7.523736080044503,7.523848125887152,7.715680145385526,7.64373459690454,7.5263711178789965,7.570842992167003,7.570842992167003,7.633271572281695
106,2462240.430555556,2029-Apr-13 22:20,6.426707338732214,6.520856425247642,6.351689140061958,6.351689517921783,6.351689685192641,6.455513022855942,6.455516692755385,7.857650383786664,8.168324539656464,7.500098265685938,7.572597864589897,7.583171418277401,7.583291873307675,7.782798905296403,7.70830343688568,7.584189158381112,7.633769037732341,7.633769037732341,7.697843880281552
107,2462240.434027778,2029-Apr-13 22:25,6.561552846776069,6.59726501272502,6.46608875225834,6.466088596782823,6.466091538584793,6.540536794803253,6.540539884720596,7.955518153556589,8.246982357207274,7.578653138184712,7.643122631978502,7.654940285312424,7.655068403188818,7.8612665302607665,7.784565440397627,7.654387446000172,7.708721187099021,7.708721187099021,7.7741480936257785
108,2462240.4375,2029-Apr-13 22:30,6.713375453418066,6.691828885517097,6.598243781305989,6.5982431038278655,6.598248560984053,6.6439031533501876,6.6439056565020165,8.063449580438336,8.336349621933795,7.669239277810325,7.725684455909489,7.738656461995969,7.738791476357996,7.950703089924693,7.872136350661491,7.736590118945491,7.795305340476845,7.795305340476845,7.8617972099542595
109,2462240.440972222,2029-Apr-13 22:35,6.8807657251024255,6.803635090287867,6.746858016811231,6.746856833044203,6.746864536498804,6.76459088133274,6.764592797831723,8.180959128016017,8.436073776021829,7.771360187729659,7.8198510468758,7.833883995069313,7.834025132732768,8.050692668930841,7.970591435038968,7.830369875385832,7.8930830308969435,7.8930830308969435,7.960363463289321
110,2462240.444444444,2029-Apr-13 22:40,7.062331382391794,6.931678234270895,6.910611931100004,6.910610260077898,6.910619938348401,6.901497692640764,6.901499028624205,8.307553702050578,8.545773076179866,7.884485849872047,7.925149520264524,7.94014800977898,7.940294502439021,8.160791878805378,8.079474810241159,7.935258768077674,8.001581615042532,8.001581615042532,8.069387765295225
111,2462240.447916667,2029-Apr-13 22:45,7.256729271888197,7.074897382671096,7.0882002418569225,7.088198104946464,7.088209490203288,7.05347929125656,7.053480057909203,8.442739424336056,8.66504386872961,8.0080643833298,8.04107752896605,8.056945665395329,8.057096759590916,8.280538414806875,8.198308829305537,8.05075921407048,8.120304511718608,8.120304511718608,8.18838919716541
112,2462240.451388889,2029-Apr-13 22:50,7.46268795372831,7.23220877328445,7.278361059706474,7.278358479740635,7.27837131257432,7.2193829706433545,7.219383183197261,8.586028105232254,8.793467050314426,8.141533241439218,8.167114155524787,8.183756860244461,8.183911825573846,8.4094594281034,8.326603258903047,8.176354778988461,8.248741187959906,8.248741187959906,8.316874283710451
113,2462240.454861111,2029-Apr-13 22:55,7.679022358070824,7.402533637113552,7.479896632771611,7.479893633320162,7.479907666040692,7.398075278610988,7.398074955388206,8.736941260776671,8.930614892800559,8.284327719018338,8.302728745693473,8.320052829917,8.32021096535532,8.547077965369496,8.463862428360923,8.311518951807289,8.386374987952673,8.386374987952673,8.454344208590099
114,2462240.458333333,2029-Apr-13 23:00,7.904640502408976,7.584820202127945,7.691686457947438,7.6916830627433415,7.6916980616055035,7.5884628953836115,7.588462056937539,8.895015340995258,9.076057196400917,8.435890283588025,8.447390643038675,8.46530567027856,8.465466308810337,8.692920544890454,8.609593460468803,8.455724832451034,8.532691968691358,8.532691968691358,8.60030310405963
115,2462240.461805556,2029-Apr-13 23:05,8.138546429531319,7.7780599358981215,7.912694850186805,7.912691082679628,7.912706829089601,7.789507573063108,7.789506241424963,9.05980390871347,9.22936605044581,8.595676039842077,8.60057524061117,8.618994185458414,8.619156697186863,8.846521418209129,8.763311042973205,8.608451162665297,8.687186135066538,8.687186135066538,8.754262860046563
116,2462240.465277778,2029-Apr-13 23:10,8.379837804878202,7.981298861325816,8.141973020961963,8.14196890399986,8.14198519498652,8.000235607770117,8.000233805828492,9.230880711540985,9.390120875694661,8.763158726564747,8.761770774645832,8.780610490669842,8.780774284583693,9.00742784625555,8.924543133179148,8.769189122893337,8.84936549957675,8.84936549957675,8.915748850644881
117,2462240.46875,2029-Apr-13 23:15,8.627702691783336,8.193644486817258,8.378658729266286,8.378654284869015,8.378670932994078,8.219743228414504,8.21974097940375,9.407840411750074,9.55791113065487,8.937833581039337,8.930481815437757,8.949663350426347,8.949827875098173,9.175202408897558,9.09283359307263,8.937445826274871,9.018754992296659,9.018754992296659,9.084302585885728
118,2462240.472222222,2029-Apr-13 23:20,8.881412771854066,8.41426922461864,8.621972250311568,8.621967499533456,8.621984332399977,8.447198187727297,8.447195514838212,9.590300259728904,9.732340097276355,9.119220818061303,9.106233644999662,9.125682410028688,9.125847153400947,9.349426487813014,9.267745902230176,9.112748728821384,9.194900324791563,9.194900324791563,9.259485421340933
119,2462240.475694444,2029-Apr-13 23:25,9.140317198203762,8.642411104118773,8.871211885428043,8.871206848279918,8.871223707830596,8.681839097377622,8.681836023458404,9.777900334674476,9.913026291027462,9.30686706390441,9.288574266796966,9.308220105997286,9.308384594535733,9.529701633031292,9.448864694896487,9.294647657550335,9.37736964654589,9.37736964654589,9.440880096319257
120,2462240.479166667,2029-Apr-13 23:30,9.403835442360476,8.877372535234748,9.12574789126263,9.125742586680797,9.125759328257091,8.922972875943202,8.922969423284771,9.970303124697113,10.099605559509271,9.500345810025141,9.477075670470986,9.49685282838488,9.497016625674753,9.715650411211518,9.63579668663451,9.482716119058606,9.565754486155837,9.565754486155837,9.628091643030432
121,2462240.482638889,2029-Apr-13 23:35,9.671450617749159,9.1185177109615,9.38501669133824,9.38501113718791,9.38502762860208,9.16997112335651,9.169967313541493,10.167193482240384,10.291731366444814,9.699257906778332,9.671334752808411,9.691181788897936,9.691344493945628,9.906917057883723,9.828171396216716,9.676552241507318,9.759670499746225,9.759670499746225,9.82074810303027
122,2462240.486111111,2029-Apr-13 23:40,9.942702675071516,9.365269079780612,9.648514503132278,9.648508716235716,9.648524836788436,9.422265687735026,9.422261541542118,10.368277905159127,10.48907562468406,9.903231137912218,9.870973483339716,9.89083313067317,9.890994375961993,10.103167541513598,10.025641208329617,9.875778979346478,9.958757483350624,9.958757483350624,10.018500570649262
123,2462240.489583333,2029-Apr-13 23:45,10.217181908687559,9.617103211490202,9.915790995773,9.915784991953997,9.915800631415303,9.679343792922324,9.679339330274873,10.573283562958409,10.691329389759993,10.111919306893716,10.075638554897132,10.095457535532534,10.095616984932224,10.30408924641725,10.227881012537877,10.080043805828824,10.16267892349601,10.16267892349601,10.221022808622243
124,2462240.493055556,2029-Apr-13 23:50,10.494524003992565,9.873546777765945,10.186444518857314,10.186438312994062,10.186453370757839,9.940743587191735,9.940738827130295,10.781957604457931,10.89820132253523,10.325001540587648,10.285000772700753,10.304729612382314,10.304886959076326,10.509390364901325,10.434587604662122,10.289018108297443,10.371121389891822,10.371121389891822,10.428010648317098
125,2462240.496527778,2029-Apr-13 23:55,10.774404277981038,10.134172101460067,10.460116135421742,10.460109741505919,10.46012412567312,10.206049185769457,10.20604414645398,10.994065746112122,11.109418530015894,10.542180678874598,10.49875402752087,10.518346836426446,10.518501800787138,10.718799063428163,10.645478751155556,10.502396210536311,10.58379345744561,10.58379345744561,10.639181023242811
126,2462240.5,2029-Apr-14 00:00,11.056533236988823,10.398593035026906,10.736485124304973,10.73647855550301,10.736492182087886,10.47488627090297,10.47488096962956,11.209391393162257,11.324725517445016,10.763182170949966,10.716614336838031,10.736028594710467,10.736180922264538,10.932062674977958,10.86029233413572,10.719894429615813,10.800424786954762,10.800424786954762,10.85427110424984
127,2462240.503472222,2029-Apr-14 00:05,11.34065260973265,10.666461079747927,11.01526483653073,11.015258105244474,11.015270897458004,10.74691800583563,10.746912459063712,11.427734487240944,11.54388330177401,10.98775266803698,10.938318611784773,10.957514954949229,10.957664414427493,11.148946637655854,11.078785230092574,10.94124986152709,11.020764927824994,11.020764927824994,11.073037165843187
128,2462240.506944444,2029-Apr-14 00:10,11.626531162937571,10.937461402131033,11.29619834207638,11.296191460003982,11.296203347593886,11.021840830041128,11.02183505343215,11.648910695707967,11.766669180333494,11.215658818099202,11.163623694217407,11.182565706813728,11.182712088332886,11.369233805820803,11.300732522415986,11.166219445040676,11.244582413251232,11.244582413251232,11.295253779642813
129,2462240.510416667,2029-Apr-14 00:15,11.913962635352378,11.211310057384301,11.579055966364098,11.579048944552795,11.57905986317185,11.299381710568493,11.29937571902142,11.872749322180953,11.992875028211948,11.446685069828257,11.392304213154206,11.41095821748938,11.41110133075209,11.592722355879777,11.52592538812395,11.394577824583354,11.471662623744193,11.471662623744193,11.520711697103112
130,2462240.513888889,2029-Apr-14 00:20,12.202761377951832,11.487749990389796,11.863631024106807,11.863623873010035,11.863633763726385,11.579293904408551,11.579287712107645,12.099093813161726,12.222307406555416,11.680633576279192,11.624152634434106,11.642487508259402,11.64262718103371,11.819226245672038,11.754171428840774,11.62611742329057,11.701807974980062,11.701807974980062,11.749218161509003
131,2462240.517361111,2029-Apr-14 00:25,12.492761050576457,11.766548887272645,12.14973804941988,12.149730778944535,12.149739587730991,11.861354906265344,11.86134852672115,12.327799477097003,12.454786023123548,11.917321834745135,11.858976959513367,11.876963948521771,11.877100025111519,12.048572944419583,11.985292382536372,11.860646148214395,11.934835609806921,11.934835609806921,11.980594615446304
132,2462240.520833333,2029-Apr-14 00:30,12.783812143896657,12.047496460626581,12.437210216553439,12.437202836105334,12.43721051340786,12.145363683837855,12.145357129929772,12.558732927604629,12.690142999211728,12.156581790116578,12.09659987382105,12.114212420569837,12.114344760440854,12.280602798720297,12.219123422477447,12.097986549103574,12.17057662524838,12.17057662524838,12.214675990788452
133,2462240.524305556,2029-Apr-14 00:35,13.075779834357911,12.33040199894925,12.725897033860763,12.725889552387121,12.725896052743066,12.431138205037213,12.431131489056174,12.791771368714416,12.928222229799701,12.398258788641769,12.336857757898688,12.354071344149549,12.354199820693267,12.515168252394403,12.45551230909475,12.337974840632615,12.408875152701931,12.408875152701931,12.45130985104041
134,2462240.527777778,2029-Apr-14 00:40,13.368542140840592,12.615092151678262,13.01566239167662,13.015654817705785,13.01566009943663,12.718513225358013,12.718506359047813,13.026802080755488,13.16887854723379,12.642210738775313,12.57959983599244,12.596391843944195,12.596516343395756,12.752133190256087,12.694318676409237,12.580460056432125,12.649587587255596,12.649587587255596,12.690355671845928
135,2462240.53125,2029-Apr-14 00:45,13.661989114804115,12.901409595547387,13.306383401934342,13.306375743608639,13.306379768455445,13.007339030382173,13.007332024975923,13.26372061663445,13.411976877811815,12.888306267521985,12.824686428639556,12.841035993214781,12.841156413541242,12.991371215984964,12.935412289191564,12.825302310337895,12.892580821244797,12.892580821244797,12.93168309226312
136,2462240.534722222,2029-Apr-14 00:50,13.956021062516442,13.18921099935336,13.597948708427076,13.597940973535833,13.597943706438281,13.29747938684718,13.29747225310314,13.502431113911369,13.657391340799458,13.136424656064042,13.071988769198006,13.08787666298839,13.087992913000088,13.232765689677361,13.17867302790533,13.072372610909134,13.137732181105473,13.137732181105473,13.175171898118796
137,2462240.538194444,2029-Apr-14 00:55,14.25054761230539,13.478365751325969,13.890257277915756,13.890249473923436,13.890250882748775,13.588810309652454,13.588803057887265,13.742844987138758,13.905004826721928,13.38645441157103,13.321387683641925,13.336796196844602,13.336908195313358,13.476208487123381,13.423989609769484,13.321551552165339,13.384928106984344,13.384928106984344,13.420710734935646
138,2462240.541666667,2029-Apr-14 01:00,14.545486322090644,13.768754316654675,14.18321697724984,14.183209111322933,14.18320916666756,13.881218420156577,13.881211060277522,13.984880856995982,14.15470845365313,13.638292870759775,13.572773154186773,13.587685995552564,13.58779367049039,13.721599755693989,13.67125928974146,13.572728880232779,13.634063801648175,13.634063801648175,13.668196804290455
139,2462240.545138889,2029-Apr-14 01:05,14.840762396324708,14.060267524140873,14.476744187248663,14.476736266278936,14.476734941292323,14.174600314033594,14.17459285556557,14.228463620010007,14.406400420994864,13.891845281697154,13.826043333986991,13.840445536084735,13.840548824033213,13.968846910707772,13.920386868169897,13.825802502908486,13.885042253138188,13.885042253138188,13.91753487486681
140,2462240.548611111,2029-Apr-14 01:10,15.136307466413895,14.352805253671404,14.770762370730335,14.770754401355518,14.770751671514539,14.468861231178826,14.468853683292238,14.473523746096571,14.659986270239415,14.147023847368619,14.08110374220915,14.094981565525359,14.095080410901003,14.217863999079484,14.171283984546736,14.08067770131285,14.137773453919056,14.137773453919056,14.168636563200003
141,2462240.552083333,2029-Apr-14 01:15,15.432059460181494,14.646275870829724,15.065202062392725,15.0651940510161,15.065189894025053,14.763914575082492,14.763906946615176,14.719997176133957,14.915377233976661,14.40374762047762,14.337866915518692,14.351207774870348,14.351302129395728,14.4685713254229,14.423868777706662,14.337266762718896,14.39217410569812,14.39217410569812,14.421420006018206
142,2462240.555555556,2029-Apr-14 01:20,15.727961007790283,14.940594639881963,15.35999904471591,15.359990997523962,15.359985393160265,15.059680270479284,15.05967256996157,14.967824996122893,15.17249106102644,14.661941741421023,14.596251844357475,14.609044238877848,14.609134061128435,14.72089516756766,14.678065491294964,14.595488440070087,14.648167109763143,14.648167109763143,14.675809446795512
143,2462240.559027778,2029-Apr-14 01:25,16.02395977542473,15.235683709858135,15.655094654497933,15.65508657747544,15.65507950745374,15.35608484097544,15.356077076649607,15.216952564181701,15.431250760276914,14.92153675352761,14.85618318498125,14.868416627013405,14.868501881913437,14.974766864103014,14.933803609907832,14.855267152899843,14.905680755864694,14.905680755864694,14.931734380612358
144,2462240.5625,2029-Apr-14 01:30,16.320008194370278,15.531471607578824,15.950435554833689,15.950427453777978,15.95041890167576,15.65306094451244,15.653053124349134,15.467329355333364,15.691583721663928,15.182468405139314,15.117590948901316,15.129255905334109,15.129336563710197,15.230122517341195,15.191017569769906,15.116532668922321,15.164648445822614,15.164648445822614,15.189129269558197
145,2462240.565972222,2029-Apr-14 01:35,16.616061780812807,15.827891612734806,16.245971812906046,16.24596369343962,16.245953644563592,15.950545676232316,15.950537807951156,15.71890886265375,15.953422878952239,15.44467702464371,15.38041009731381,15.39149793658298,15.391573974860263,15.48690291902522,15.449646554979827,15.379219724724416,15.425008355661022,15.425008355661022,15.447933317282512
146,2462240.569444444,2029-Apr-14 01:40,16.912080026858685,16.124882307523173,16.54165788977017,16.54164975735193,16.54163819865773,16.248481231092196,16.248473322175485,15.971647870767686,16.216704968301336,15.70810716449681,15.644579983167613,15.655082921688688,15.655154321497399,15.745052752675546,15.709633796386521,15.643267445861753,15.686702837438537,15.686702837438537,15.708089785250806
147,2462240.572916667,2029-Apr-14 01:45,17.208026006370435,16.422387075023224,16.83745222505671,16.837444084992438,16.837431005020207,16.54681441484582,16.54680647255128,16.225506265012626,16.48137022233171,15.972707325154454,15.910044057890056,15.919955112257822,15.9200218600818,16.004520349319986,15.97092631334819,15.908619053842,15.949678148620219,15.949678148620219,15.969545733552609
148,2462240.576388889,2029-Apr-14 01:50,17.50386467953387,16.720352394777542,17.133315325225148,17.133307182676408,17.13329257145955,16.84549487118591,16.84548690256313,16.480447279545942,16.74736351347686,16.23842957674654,16.176749659081256,16.186062612967508,16.18612469998938,16.26525785309695,16.233474939922996,16.17522167743054,16.213884338150546,16.213884338150546,16.2322520262738
149,2462240.579861111,2029-Apr-14 01:55,17.799564771093664,17.01872950017903,17.42921183262243,17.429203692615125,17.42918754161199,17.14447688004396,17.144468891942875,16.736436251278185,17.014632095896193,16.505229147734266,16.444647377587355,16.45335672833493,16.453414150014947,16.527220085475275,16.497233372862755,16.44302568846635,16.47927448030884,16.47927448030884,16.496162406876184
150,2462240.583333333,2029-Apr-14 02:00,18.09509659733747,17.31747209648585,17.725108177833267,17.725100045264945,17.725082347333647,17.44371699451215,17.44370899359535,16.993441620452973,17.283126824494254,16.77306449977541,16.71369121850257,16.721792159787196,16.721844915785745,16.790365242426198,16.76215868726084,16.71198488516188,16.74580501460844,16.74580501460844,16.761233991415494
151,2462240.586805556,2029-Apr-14 02:05,18.390433182596627,17.61653747205283,18.02097373024518,18.020965609891807,18.020946359209933,17.743175221461794,17.743167214213432,17.251433683763175,17.552801130197356,17.04189667738557,16.983837935729415,16.991326313027567,16.991374406890987,17.054653889895253,17.028210441683655,16.982055815595043,17.01343495569099,17.01343495569099,17.027426385823688
152,2462240.590277778,2029-Apr-14 02:10,18.68554927631827,17.915885418115955,18.316779724733966,18.316771621255718,18.316750813259368,18.042813916619778,18.0428059093555,17.510384899990346,17.82361141146978,17.311689205813366,17.255046959676637,17.26191924204959,17.261962681047958,17.320049125775856,17.295350761105922,17.25319771458909,17.282125900522598,17.282125900522598,17.294701759333904
153,2462240.59375,2029-Apr-14 02:15,18.980421675177105,18.215478451905085,18.612499642065806,18.612491560012693,18.61246919135689,18.34259804806576,18.3425900469402,17.77026958305383,18.095516303510536,17.582407951228216,17.52728017825611,17.533533429271237,17.533572224195197,17.586516256891688,17.56354405541716,17.525372275774757,17.55184179039858,17.55184179039858,17.563024570190368
154,2462240.597222222,2029-Apr-14 02:20,19.275028752915045,18.51528116832578,18.90810871033807,18.908100654154563,18.908076722714988,18.642494558626662,18.64248656963982,18.03106411418615,18.368476529481903,17.85402109149423,17.800501854824617,17.806133718872168,17.806167883938944,17.854022843327545,17.83275702766261,17.798543569386254,17.822548888686875,17.822548888686875,17.83236157190565
155,2462240.600694444,2029-Apr-14 02:25,19.569350633829295,18.815260623470017,19.203584004997843,19.20357597902747,19.203550483802754,18.9424727370773,18.94246476608247,18.29274605143965,18.642455117658912,18.126498491564227,18.074678157459683,18.07968682035281,18.079716372959243,18.12253810298792,18.1029581026857,18.07267757930673,18.094215223742165,18.094215223742165,18.102681238942306
156,2462240.604166667,2029-Apr-14 02:30,19.86336869477454,19.115385535435983,19.498903967253813,19.498895975742723,19.498868916849617,19.2425034440354,19.242495496744713,18.555294698941843,18.91741699959037,18.399811933225106,18.349777246480336,18.354161423723752,18.354186384374838,18.39203316661799,18.37411764200336,18.347742285003335,18.366810774450624,18.366810774450624,18.373953982371805
157,2462240.607638889,2029-Apr-14 02:35,20.157065785343384,19.415626575826835,19.794048624677554,19.79404067177818,19.79401205041178,19.542559411649332,19.542551493639206,18.81869061258359,19.193328821489946,18.67393481546006,18.62576901092337,18.629527923948842,18.629548316099193,18.662480712359535,18.64620760751373,18.623707397680615,18.640307159304907,18.640307159304907,18.64615181536958
158,2462240.611111111,2029-Apr-14 02:40,20.450425954047734,19.715955967902083,20.08899929320915,20.0889913829831,20.088961201401958,19.842614852447944,19.842606969163583,19.082915693532307,19.470158815673123,18.94884209965363,18.90262497800935,18.905758339938327,18.905774189900196,18.93385495131597,18.91920152541634,18.900544269370158,18.914677582497013,18.914677582497013,18.91924831609081
159,2462240.614583333,2029-Apr-14 02:45,20.743434461170988,20.016347588023446,20.38373857072309,20.383730707144146,20.383698968619484,20.142645554996044,20.14263771175658,19.3479528287609,19.74787683854278,19.22451005164705,19.180318112191834,19.18282610415634,19.182837440951435,19.206131380315266,19.19307424811557,19.178225694839856,19.189896601172787,19.189896601172787,19.193218388493932
160,2462240.618055556,2029-Apr-14 02:50,21.03607767156117,20.316776646198644,20.678250249226807,20.67824243618313,20.678209145004587,20.442628594194584,20.442620796195996,19.61378610912084,20.026453925243732,19.500916329121317,19.458822796535003,19.46070605870943,19.460712914001437,19.47928681821841,19.467801982917557,19.45672588675338,19.4659401534153,19.4659401534153,19.468038293996948
161,2462240.621527778,2029-Apr-14 02:55,21.328342875064383,20.617219759476175,20.97251905957446,20.97251130087124,20.97247646226451,20.74254236542368,20.742534617744646,19.880400300270264,20.3058628622933,19.778039554996468,19.738114576839802,19.73937418040514,19.739376588342353,19.753299121881817,19.743361999855516,19.73602023161372,19.742785248688854,19.742785248688854,19.74368535233203
162,2462240.625,2029-Apr-14 03:00,21.62021821685409,20.91765436005225,21.266530648064894,21.266522947424942,21.266486567607156,21.042366066589484,21.04235837419171,20.14778148526747,20.586077194772162,20.05585966081831,20.018170241043315,20.018807695229967,20.01880569247591,20.028147384550238,20.01973281672558,20.01608535316471,20.02041015649655,20.02041015649655,20.02013813457258
163,2462240.628472222,2029-Apr-14 03:05,21.91169304077144,21.21805963277973,21.56027194585007,21.560264306917333,21.56022639300866,21.342080574189225,21.34207294192284,20.415916066482815,20.867071766783027,20.334357415950908,20.298967595215963,20.298984811097025,20.29897843659519,20.3038114686663,20.296893788070417,20.29689889939901,20.298794032192482,20.298794032192482,20.29737604926563
164,2462240.631944444,2029-Apr-14 03:10,22.20275726575652,21.518415420117496,21.853730449105253,21.853722875445342,21.853683435470096,21.64166738669208,21.641659819297644,20.684791387881,21.14882252323345,20.613514525842803,20.580485424748463,20.579884712711024,20.57987400768084,20.580272226672864,20.574825252982876,20.578439501353188,20.577917006212676,20.577917006212676,20.575379487364543
165,2462240.635416667,2029-Apr-14 03:15,22.49340165710005,21.8187024770258,22.146894542607765,22.146887037708712,22.146846080606732,21.94110889877392,21.94110140088334,20.954395576943575,21.43130610166936,20.89331361287008,20.862703431272124,20.86148749609472,20.861472503988228,20.857511355215767,20.85350842080551,20.8606867043171,20.857760101583853,20.857760101583853,20.85412971283375
166,2462240.638888889,2029-Apr-14 03:20,22.78361765408362,22.11890253627536,22.439753286446773,22.43974585372062,22.439703389291573,22.240388428241918,22.240381004382204,21.224717197259913,21.71450032675367,21.17373795056766,21.145602103536344,21.14377402462933,21.143754791018868,21.13551124582245,21.132925215053135,21.143620848206325,21.138305063350455,21.138305063350455,21.133608700971166
167,2462240.642361111,2029-Apr-14 03:25,23.07339759589243,22.41899845079995,22.732296717268046,22.732289360052643,22.73224539893928,22.539490384376762,22.539483038972,21.495745296487236,21.998383676352955,21.45477158640635,21.429162748786815,21.426725965155352,21.426702537622194,21.41425496234979,21.413058278031613,21.42722309055421,21.419534393515704,21.419534393515704,21.413799149167797
168,2462240.645833333,2029-Apr-14 03:30,23.362734406895296,22.718973647268847,23.024515447653414,23.02450816921234,23.024462722909412,22.838399740645418,22.838392478017216,21.76746956734773,22.28293527226625,21.736399248474104,21.713367361257685,21.71032566987843,21.710298098001395,21.693726237298378,21.693890927566073,21.711475276022643,21.701431274337967,21.701431274337967,21.69468443078912
169,2462240.649305556,2029-Apr-14 03:35,23.651621404765375,23.018812200194187,23.316400442562717,23.316393246086196,23.316346326881835,23.13710206508624,23.137094889457302,22.039880033181767,22.56813541620803,22.01860611501653,21.998198533250317,21.99455607231355,21.9945244075879,21.973909363307182,21.975407041337128,21.996359857335797,21.983979437318297,21.983979437318297,21.976248473698238
170,2462240.652777778,2029-Apr-14 03:40,23.940052750607506,23.318498857467496,23.60794355195552,23.607936440559897,23.60788806158547,23.435583629230706,23.435576544722664,22.31296732714766,22.85396440729532,22.30137807066567,22.283639464527855,22.279400717722154,22.279365013554095,22.254789170469756,22.257591068347924,22.281859885504083,22.267163221570037,22.267163221570037,22.258475784150175
171,2462240.65625,2029-Apr-14 03:45,24.228023078928235,23.618019365634837,23.899137125130558,23.899130101861207,23.899080276993825,23.733831621108884,23.733824631748085,22.5867221265261,23.14040380437449,22.584701383485815,22.569673957634354,22.5648437229213,22.56480403445193,22.536350952534924,22.54042794854466,22.567959026516725,22.5509674668382,22.5509674668382,22.541351354357644
172,2462240.659722222,2029-Apr-14 03:50,24.515527773400464,23.917359947428604,24.189974275655484,24.189967343485463,24.189916087409184,24.03183374881076,24.031826858525147,22.861135694169807,23.427435027420387,22.868562932750535,22.85628630298385,22.85086970162918,22.850826085759834,22.81858045411174,22.82390309750133,22.854641424246996,22.835377518282485,22.835377518282485,22.824860659127797
173,2462240.663194444,2029-Apr-14 03:55,24.80256223306877,24.216507009992736,24.4804480063713,24.480441168201107,24.480388496338648,24.32957785305886,24.32957106568134,23.136199504119414,23.715040784242728,23.152949767691226,23.143461136027984,23.137463599965074,23.13741611532411,23.101463816872254,23.108002294133126,23.141891582285453,23.120379042056708,23.120379042056708,23.108989526721643
174,2462240.666666667,2029-Apr-14 04:00,25.08912298913188,24.515448181452868,24.770552619144027,24.770545877803418,24.770491806342836,24.627053012002975,24.627046331270567,23.411905277330817,24.003203486461505,23.437849610720516,23.431183691167977,23.42461095219449,23.424559659011162,23.384987544327437,23.392711767242826,23.429694590771664,23.40595823798026,23.40595823798026,23.39372424721546
175,2462240.670138889,2029-Apr-14 04:05,25.37520650467441,24.814171161190792,25.060282215446712,25.060275573694238,25.060220119525194,24.92424832667986,24.92424175623683,23.688244926772725,24.291906769350433,23.72325030264868,23.719439488273903,23.712297567481986,23.71224252756756,23.66913849412888,23.678018061220666,23.7180358398816,23.69210157523214,23.69210157523214,23.679051416156167
176,2462240.673611111,2029-Apr-14 04:10,25.660810162278494,25.11266447512157,25.34963190420819,25.349625364731363,25.3495685454839,25.221153758683617,25.22114730207931,23.965210641110392,24.581133951095136,24.00914020967633,24.008214477400386,24.000509682872842,24.00045095955973,23.95390380492697,23.96390806124251,24.00690113867979,23.978795923652836,23.978795923652836,23.964957979547393
177,2462240.677083333,2029-Apr-14 04:15,25.94593135994234,25.410916774867673,25.638596700160512,25.638590265575377,25.638532099566014,25.517759357916773,25.517753018608026,24.242794749763313,24.87086935194537,24.29550780495804,24.297494853904166,24.28923377082894,24.28917142894536,24.239270903267546,24.2503689131967,24.296276553189927,24.266028379843647,24.266028379843647,24.251431136218127
178,2462240.680555556,2029-Apr-14 04:20,26.230568061885034,25.708917316807856,25.927172212546775,25.92716588539826,25.927106391626655,25.814055780178066,25.81404956152925,24.520989738931778,25.161097469546963,24.582341900839197,24.587267158792972,24.578456641708996,24.578390747514717,24.52522746694483,24.537388045930356,24.586148492905323,24.553786351211265,24.553786351211265,24.538458371021083
179,2462240.684027778,2029-Apr-14 04:25,26.514718897171665,26.006655958575287,26.215354746869544,26.215348529631257,26.215287727795182,26.11003430367113,26.110028208952826,24.79978825508022,25.451802732215892,24.86963164752132,24.877518231114635,24.868165399888312,24.86809602102309,24.811761370501202,24.82495312311194,24.87650365957486,24.842057516811188,24.842057516811188,24.826027409017605
180,2462240.6875,2029-Apr-14 04:30,26.798382573683863,26.304122727254963,26.503140603729594,26.50313449880351,26.503072409254365,26.40568634813985,26.40568038053068,25.079183028406366,25.742970346382474,25.157366285820245,25.168235111903698,25.158347342431032,25.158274547882584,25.098860707371013,25.11305201127544,25.16732896581176,25.130829736528327,25.130829736528327,25.114126172392552
181,2462240.690972222,2029-Apr-14 04:35,27.081558205078252,26.60130815067438,26.79052650206054,26.79052051177752,26.79045715550171,26.701003822835354,26.70099798542287,25.359166872268794,26.034585835644698,25.44553530194571,25.459405130663292,25.44899004509487,25.448913905132798,25.386513783526766,25.40167281157847,25.45861161374179,25.420091121589653,25.420091121589653,25.402742818691653
182,2462240.694444444,2029-Apr-14 04:40,27.36424552653135,26.89820340153303,27.077509838254084,27.07750396487436,27.077439363498936,26.99597929213777,26.995973587917874,25.639732689207683,26.326634670417953,25.734128497037606,25.751015912492143,25.740081371902583,25.7400019580065,25.674709079616267,25.690803842921845,25.75033909618801,25.709830040804118,25.709830040804118,25.691865728390272
183,2462240.697916667,2029-Apr-14 04:45,27.646444431998642,27.19479958165226,27.36408802469749,27.364082270408048,27.364016446194032,27.29060527239708,27.290599704272452,25.920873465929372,26.61910265054486,26.023135641357413,26.0430550673249,26.03160917418131,26.03152655907088,25.963435120299675,25.980433445606604,26.042498893949855,26.000034863472788,26.000034863472788,25.981483300331057
184,2462240.701388889,2029-Apr-14 04:50,27.928155164759644,27.491088513254354,27.650258914742345,27.65025328165967,27.650186257457822,27.584874951264894,27.584869522048436,26.20258220092771,26.911976072353703,26.31254682103137,26.335510626445107,26.3235617050081,26.323475962517282,26.25268071780702,26.270550284449392,26.33507891300515,26.29069430875876,26.29069430875876,26.271584257964165
185,2462240.704861111,2029-Apr-14 04:55,28.209378255644033,27.787061866925413,27.936020476592578,27.936014966758556,27.935946766027907,27.878781424243076,27.8787761366539,26.48485194785806,27.20524120770387,26.602352016346863,26.628370462381035,26.615927067870224,26.615838273006737,26.5424345928017,26.56114291282289,26.62806689893887,26.5817969710977,26.5817969710977,26.562157212997715
186,2462240.708333333,2029-Apr-14 05:00,28.490114761923575,28.082712351798797,28.2213714019153,28.221366017301705,28.22129666407154,28.17231876743924,28.17231362410682,26.76767576611992,27.498884622298227,26.892541682572965,26.921623012577676,26.908693906910056,26.90860213568133,26.832685811427552,26.852200297879623,26.921451162317165,26.873331912830693,26.873331912830693,26.853191194893608
187,2462240.711805556,2029-Apr-14 05:05,28.770365990611523,28.378032678120256,28.50631051445355,28.506305256959482,28.50623477583084,28.465481091022962,28.46547609448491,27.051046737328928,27.792892991890238,27.18310623075091,27.215256659895477,27.201850814270077,27.201756143703033,27.123423414239333,27.14371137107031,27.215219959420352,27.165288152824743,27.165288152824743,27.14467519663546
188,2462240.715277778,2029-Apr-14 05:10,29.05013336611004,28.67301558067945,28.79083665000555,28.790831521455882,28.790759937579598,28.758262535482732,28.758257688184443,27.334957929236044,28.087253363922976,27.474036021769393,27.50925978498005,27.49538637694929,27.495288885086854,27.41463646566492,27.435665073648345,27.50936154878129,27.457654704253535,27.457654704253535,27.436598217738982
189,2462240.71875,2029-Apr-14 05:15,29.32941883121007,28.967654528976812,29.074949275355603,29.07494427750305,29.074871616567798,29.050657960106285,29.050653264402197,27.619402412952642,28.381952811539882,27.765321734414606,27.803621109784974,27.78928950965845,27.78918927545069,27.706314216414306,27.728050584584718,27.803864527385,27.750420862095257,27.750420862095257,27.728949499991987
190,2462240.722222222,2029-Apr-14 05:20,29.6082246846603,29.261943191793982,29.358648152123063,29.35864328664662,29.35856957487845,29.342662450924028,29.34265790907588,27.904373222967227,28.67697840401698,28.05695405371725,28.098329351297505,28.08354912068637,28.083446223974356,27.99844588533294,28.0208570601779,28.098717485780295,28.043575908212947,28.043575908212947,28.02171826381314
191,2462240.725694444,2029-Apr-14 05:25,29.886553410410322,29.55587545795685,29.641933191300467,29.641928459805168,29.64185372394371,29.634271307418512,29.63426692159586,28.189863365756754,28.972317516563752,28.3489237084613,28.39337332283256,28.37815420758123,28.378048729058772,28.29102076101771,28.314073730508017,28.393909114024453,28.337109198362487,28.337109198362487,28.314893801890435
192,2462240.729166667,2029-Apr-14 05:30,30.16440750576546,29.84944534933767,29.924804276363414,29.924799680380588,29.924723947641766,29.92547993619264,29.925475708474615,28.475865839283813,29.26795805188459,28.641221462165927,28.688741964425883,28.673093885875655,28.672985907053043,28.58402825643228,28.60768994264935,28.68942823566905,28.63101019219624,28.63101019219624,28.608465519784787
193,2462240.732638889,2029-Apr-14 05:35,30.44179032469233,30.142647549955505,30.2072621994846,30.207257740470983,30.207181038580476,30.216284464771572,30.21628039714323,28.762373548801936,29.563887238756347,28.933838241719293,28.98442427121754,28.968357323988894,28.96824692712814,28.877457682881325,28.90169500413729,28.98526371686688,28.92526837368823,28.92526837368823,28.902422793890512
194,2462240.736111111,2029-Apr-14 05:40,30.718704901838542,30.435476724071542,30.48930738545012,30.489303064789127,30.489225421917098,30.506680935085743,30.506677029442418,29.049379433535083,29.860093291545795,29.22676500127783,29.280409438972317,29.263933878422534,29.263821146502217,29.171298595258488,29.196078436764925,29.281404638449505,29.21987340213305,29.21987340213305,29.196755205518496
195,2462240.739583333,2029-Apr-14 05:45,30.995155055816593,30.727927994588974,30.770941022742402,30.77093684174186,30.77085828653527,30.796665921499443,30.79666217964204,29.33687628537361,30.15656376482807,29.519992705538947,29.576686562140942,29.559812805692882,29.5596978223736,29.465540337761347,29.490829597090734,29.577839968621827,29.51481482126897,29.51481482126897,29.491452179477548
196,2462240.743055556,2029-Apr-14 05:50,31.27114437486105,31.01999656486403,31.05216405738376,31.052160017277565,31.05208057880356,31.086236016811643,31.086232440450793,29.624856936250946,30.453287049681574,29.813512402095064,29.873244969852667,29.855983584374368,29.855866433953302,29.76017250319281,29.78593807300117,29.874558921845026,29.810082379407294,29.810082379407294,29.78650336461335
197,2462240.746527778,2029-Apr-14 05:55,31.546677249616373,31.31167810739213,31.33297821358478,31.332974315530514,31.332894023306977,31.37538835944108,31.37538495019228,29.913314032405655,30.750250850398412,30.107315118816608,30.17007385956217,30.152435562245234,30.152316329617854,30.055184438427222,30.08139325336021,30.171550569442175,30.105665676979275,30.105665676979275,30.08189821963829
198,2462240.75,2029-Apr-14 06:00,31.82175781184183,31.60296835033922,31.613384946808296,31.61338119188893,31.613300075828676,31.66412008037404,31.664116839761853,30.20224026873979,31.047443705710105,30.401391966665752,30.467162662996145,30.449158309206798,30.449037079825054,30.350565743339924,30.377184761283146,30.468804228670212,30.401554520563696,30.401554520563696,30.37762643009416
199,2462240.753472222,2029-Apr-14 06:05,32.09639065727651,31.893863327875636,31.893386144112384,31.893382533334904,31.893300623749283,31.952428653388562,31.952425582844324,30.491628207818188,31.344853926389007,30.69573403398373,30.76450075698007,30.74614133772727,30.74601819756511,30.646305896924922,30.673302123131705,30.766309157664008,30.697738644645593,30.697738644645593,30.67367758841381
