,date,date_jd,ra,dec,lon,lat,lonR,latR
0,2029-Apr-13 13:30,2462240.0625,20.177009999999996,23.946020000000004,-114.59019380787052,-25.094418229911945,-6.118579023454174,-25.097152333503313
1,2029-Apr-13 13:35,2462240.065972222,20.054650000000006,23.87547,-114.4535823100102,-25.04776926127681,-7.07775950159504,-25.050488007359064
2,2029-Apr-13 13:40,2462240.069444444,19.93009,23.803460000000005,-114.31446551013113,-25.000088033278185,-8.034433807341486,-25.002790750330636
3,2029-Apr-13 13:45,2462240.072916667,19.803269999999983,23.72997,-114.17277957607112,-24.951365481287258,-8.988538370106085,-24.954051510957985
4,2029-Apr-13 13:50,2462240.076388889,19.674129999999984,23.65493,-114.0284496237237,-24.901543523649714,-9.939997684420746,-24.904212217227105
5,2029-Apr-13 13:55,2462240.079861111,19.54260999999999,23.57832,-113.88141183696399,-24.85061302347336,-10.888748197303585,-24.85326374623819
6,2029-Apr-13 14:00,2462240.083333333,19.40862999999998,23.500060000000005,-113.73156937909374,-24.798509689311253,-11.834693037701072,-24.801141816876342
7,2029-Apr-13 14:05,2462240.086805556,19.27212,23.42012,-113.57884635322043,-24.74521633520372,-12.777756572161422,-24.747829257553903
8,2029-Apr-13 14:10,2462240.090277778,19.133029999999994,23.338439999999995,-113.42318007112527,-24.690682669872764,-13.717875495753674,-24.69327578885445
9,2029-Apr-13 14:15,2462240.09375,18.991260000000004,23.25496,-113.26445837430748,-24.634867515851283,-14.654937911015168,-24.637440247152988
10,2029-Apr-13 14:20,2462240.097222222,18.846749999999993,23.169620000000002,-113.10260873818356,-24.57772230736656,-15.588871265308,-24.580274079721697
11,2029-Apr-13 14:25,2462240.100694444,18.699399999999994,23.082370000000004,-112.937521240526,-24.519215547293815,-16.519565605902358,-24.521745804930923
12,2029-Apr-13 14:30,2462240.104166667,18.549150000000004,22.993129999999997,-112.76911904902371,-24.45927894914189,-17.446944367404456,-24.461787148696903
13,2029-Apr-13 14:35,2462240.107638889,18.39590000000001,22.90184,-112.59729012367018,-24.397871081290166,-18.37089489306777,-24.40035669505122
14,2029-Apr-13 14:40,2462240.111111111,18.23956000000002,22.80844,-112.42193236228704,-24.334948605633166,-19.29131534775263,-24.337411121620562
15,2029-Apr-13 14:45,2462240.114583333,18.080029999999976,22.71284,-112.2429272549756,-24.2704405314191,-20.20808719352442,-24.27287945201671
16,2029-Apr-13 14:50,2462240.118055556,17.917219999999972,22.61497,-112.06017062645026,-24.20429355012113,-21.12110652390089,-24.20670839361769
17,2029-Apr-13 14:55,2462240.121527778,17.751019999999993,22.514750000000003,-111.87353634797955,-24.13644811575265,-22.03024659611333,-24.138838416776668
18,2029-Apr-13 15:00,2462240.125,17.581339999999997,22.412110000000002,-111.68292036430998,-24.066850725469628,-22.935403626050913,-24.069216035392447
19,2029-Apr-13 15:05,2462240.128472222,17.408050000000003,22.30694,-111.48817033893036,-23.995415867938874,-23.836425250294667,-23.997755753984265
20,2029-Apr-13 15:10,2462240.131944444,17.231040000000004,22.199160000000003,-111.28916036381082,-23.92208365976468,-24.733185538334,-23.924397706823566
21,2029-Apr-13 15:15,2462240.135416667,17.05019999999998,22.08868,-111.08576245824358,-23.846784287391216,-25.6255567817189,-23.849072097747655
22,2029-Apr-13 15:20,2462240.138888889,16.86537999999999,21.97538,-110.87780255988932,-23.76942568423777,-26.513364305193306,-23.771686877515673
23,2029-Apr-13 15:25,2462240.142361111,16.67646999999998,21.85918,-110.66515505675298,-23.689947543821276,-27.39648277223432,-23.692181758579387
24,2029-Apr-13 15:30,2462240.145833333,16.483329999999995,21.739950000000004,-110.44765392056877,-23.608245846249588,-28.274746132688165,-23.61045273826781
25,2029-Apr-13 15:35,2462240.149305556,16.28580999999999,21.617580000000004,-110.2251276256078,-23.524237817670944,-29.147983134475908,-23.52641706207546
26,2029-Apr-13 15:40,2462240.152777778,16.08375000000001,21.491940000000003,-109.99739057726487,-23.437822692782706,-30.016007574716014,-23.43997398363496
27,2029-Apr-13 15:45,2462240.15625,15.877019999999993,21.36292,-109.76429145824017,-23.348913641419028,-30.878668414456683,-23.35103669223711
28,2029-Apr-13 15:50,2462240.159722222,15.665429999999978,21.230370000000004,-109.52561094820962,-23.257395292188942,-31.735746312812296,-23.25948983620244
29,2029-Apr-13 15:55,2462240.163194444,15.448820000000016,21.094160000000002,-109.28116403979016,-23.163166168302418,-32.587056246828524,-23.165231958981973
30,2029-Apr-13 16:00,2462240.166666667,15.227000000000007,20.95412,-109.03072763778806,-23.066090733061497,-33.43237539717387,-23.068127543322515
31,2029-Apr-13 16:05,2462240.170138889,14.9998,20.81012000000001,-108.77410729521972,-22.966068743322978,-34.27150871618511,-22.968076367563434
32,2029-Apr-13 16:10,2462240.173611111,14.76701,20.66197,-108.51105636845048,-22.862948028963455,-35.10420983727249,-22.864926281529872
33,2029-Apr-13 16:15,2462240.177083333,14.528410000000004,20.50951,-108.24132491151937,-22.75660728411311,-35.930228800288546,-22.758556001865113
34,2029-Apr-13 16:20,2462240.180555556,14.283809999999995,20.35255,-107.96468693261116,-22.646889935417846,-36.749339895774256,-22.6488089752694
35,2029-Apr-13 16:25,2462240.184027778,14.032960000000012,20.19089,-107.68085499151749,-22.53364002083932,-37.56125508146857,-22.53552926200479
36,2029-Apr-13 16:30,2462240.1875,13.77562000000001,20.02434,-107.38955415125508,-22.41670908720288,-38.365699703383484,-22.418568431717727
37,2029-Apr-13 16:35,2462240.190972222,13.51154,19.85267,-107.09049168415797,-22.295910705001397,-39.162381022504235,-22.29774007636921
38,2029-Apr-13 16:40,2462240.194444444,13.24046000000002,19.67565,-106.7833654937026,-22.17105966193435,-39.95099693251632,-22.1728590059223
39,2029-Apr-13 16:45,2462240.197916667,12.962099999999984,19.49305,-106.46785416970948,-22.041973709042157,-40.73122630835013,-22.043742994798695
40,2029-Apr-13 16:50,2462240.201388889,12.676160000000001,19.304600000000004,-106.1436088007207,-21.908434225453544,-41.502719641156716,-21.91017344462973
41,2029-Apr-13 16:55,2462240.204861111,12.382319999999998,19.11002,-105.81025928303853,-21.770215575634367,-42.26510711235852,-21.771924743000223
42,2029-Apr-13 17:00,2462240.208333333,12.080270000000002,18.909049999999997,-105.4674504923232,-21.627109094427478,-43.01803359293547,-21.628788248722017
43,2029-Apr-13 17:05,2462240.211805556,11.769650000000013,18.70135,-105.11476201987631,-21.478835592812295,-43.761078959268104,-21.480484795110304
44,2029-Apr-13 17:10,2462240.215277778,11.450099999999985,18.48662,-104.75178276335654,-21.325154081759297,-44.49383151703222,-21.326773417621993
45,2029-Apr-13 17:15,2462240.21875,11.121240000000007,18.264510000000005,-104.37807273074574,-21.165776884853436,-45.215851563268586,-21.167366462902724
46,2029-Apr-13 17:20,2462240.222222222,10.782649999999979,18.034639999999996,-103.99314732924682,-21.000392698141187,-45.92665449963965,-21.001952650412086
47,2029-Apr-13 17:25,2462240.225694444,10.433909999999996,17.79663,-103.59652358681853,-20.828688760486244,-46.62575735163705,-20.83021924248799
48,2029-Apr-13 17:30,2462240.229166667,10.074559999999993,17.55006,-103.18767229767059,-20.650318536674895,-47.312631204043555,-20.65181972715663
49,2029-Apr-13 17:35,2462240.232638889,9.704109999999991,17.294499999999996,-102.76603425976862,-20.464929198093632,-47.98671626493393,-20.46640129968519
50,2029-Apr-13 17:40,2462240.236111111,9.322049999999988,17.02947,-102.33102259351836,-20.272120333694453,-48.64742594666251,-20.27356357133132
51,2029-Apr-13 17:45,2462240.239583333,8.927829999999993,16.75446,-101.88200704586927,-20.07146689451334,-49.29412999439387,-20.072881515445125
52,2029-Apr-13 17:50,2462240.243055556,8.520879999999991,16.468950000000003,-101.41833827077284,-19.862535040201227,-49.92617935642073,-19.863921313879707
53,2029-Apr-13 17:55,2462240.246527778,8.100580000000003,16.17236,-100.93930834435344,-19.644837981939606,-50.54286552021739,-19.646196198930088
54,2029-Apr-13 18:00,2462240.25,7.6662900000000125,15.864090000000001,-100.44418912505768,-19.417869660787893,-51.143460639407635,-19.41920013193085
55,2029-Apr-13 18:05,2462240.253472222,7.2172899999999975,15.54348,-99.93216482947037,-19.18107554215732,-51.72714892962489,-19.182378598255166
56,2029-Apr-13 18:10,2462240.256944444,6.752859999999992,15.20983,-99.40241675422874,-18.93385780087992,-52.29311168915251,-18.935133789960684
57,2029-Apr-13 18:15,2462240.260416667,6.272209999999996,14.862400000000001,-98.85405372112865,-18.675587068157014,-52.84045803485935,-18.6768363550444
58,2029-Apr-13 18:20,2462240.263888889,5.774489999999982,14.500399999999999,-98.28612091746595,-18.405590224528783,-53.368232567251255,-18.406813189357067
59,2029-Apr-13 18:25,2462240.267361111,5.258800000000009,14.122970000000002,-97.69760704995105,-18.12312830362259,-53.8754242876725,-18.124325338859144
60,2029-Apr-13 18:30,2462240.270833333,4.724189999999983,13.729200000000002,-97.08744915196513,-17.82741542020902,-54.360970230962664,-17.82858692800821
61,2029-Apr-13 18:35,2462240.274305556,4.1696300000000015,13.318120000000002,-96.45450169143044,-17.517613222058102,-54.82372515967984,-17.518759611772904
62,2029-Apr-13 18:40,2462240.277777778,3.5940199999999907,12.888680000000003,-95.79754422864761,-17.192808452541776,-55.26246804624674,-17.19393013661109
63,2029-Apr-13 18:45,2462240.28125,2.9961900000000083,12.43975,-95.11528299843513,-16.85201180004117,-55.67590541874199,-16.853109189136763
64,2029-Apr-13 18:50,2462240.284722222,2.374879999999982,11.970150000000002,-94.40633796214621,-16.494189526651958,-56.06265723781689,-16.495263025675968
65,2029-Apr-13 18:55,2462240.288194444,1.7287300000000032,11.47859,-93.66922383441567,-16.118204519299677,-56.421238214987795,-16.11925452069026
66,2029-Apr-13 19:00,2462240.291666667,1.0562999999999787,10.963699999999998,-92.90237793709377,-15.722840727846295,-56.75008596255219,-15.723867604050268
67,2029-Apr-13 19:05,2462240.295138889,0.3560299999999978,10.424009999999999,-92.10411903720575,-15.306788164766983,-57.04751865390273,-15.307792260005614
68,2029-Apr-13 19:10,2462240.298611111,359.62625,9.857949999999997,-91.27266043353728,-14.868638897552357,-57.311749874098155,-14.869620517593132
69,2029-Apr-13 19:15,2462240.302083333,358.86516,9.263860000000001,-90.40609499031927,-14.406897555539175,-57.54087247767234,-14.407856956545402
70,2029-Apr-13 19:20,2462240.305555556,358.07083,8.63996,-89.50239389463547,-13.919948679478743,-57.73285793301369,-13.920886053695705
71,2029-Apr-13 19:25,2462240.309027778,357.24118,7.984350000000001,-88.55939119431537,-13.406056431466778,-57.88553968410139,-13.40697189100505
72,2029-Apr-13 19:30,2462240.3125,356.37397,7.29504,-87.57478393734044,-12.863391712800857,-57.996615053905884,-12.864285271713637
73,2029-Apr-13 19:35,2462240.315972222,355.46677999999997,6.569910000000002,-86.54611131706497,-12.289991149651714,-58.063623212134246,-12.290862702002128
74,2029-Apr-13 19:40,2462240.319444444,354.51702,5.806720000000001,-85.47077329136488,-11.683759942120675,-58.0839640889489,-11.684609236360735
75,2029-Apr-13 19:45,2462240.322916667,353.52188,5.00316,-84.34599605541229,-11.042522817385878,-58.05486414096606,-11.043349429469384
76,2029-Apr-13 19:50,2462240.326388889,352.47836,4.156790000000001,-83.168861324435,-10.363952915534314,-57.97340445763899,-10.364756214711038
77,2029-Apr-13 19:55,2462240.329861111,351.38322,3.2651300000000005,-81.93628016160926,-9.645660185660596,-57.83649635242864,-9.646439299356619
78,2029-Apr-13 20:00,2462240.333333333,350.23296,2.3256200000000002,-80.64497781111879,-8.885145280882423,-57.6408650177234,-8.885899053162099
79,2029-Apr-13 20:05,2462240.336805556,349.02385,1.33569,-79.29154685743231,-8.079853565053202,-57.383103273416964,-8.080580510953977
80,2029-Apr-13 20:10,2462240.340277778,347.75186999999994,0.2928,-77.87240669928752,-7.227211315303876,-57.05962986214513,-7.227909571804216
81,2029-Apr-13 20:15,2462240.34375,346.41273,-0.8054900000000002,-76.38384861364574,-6.324678278408759,-56.66673627629899,-6.3253455514216625
82,2029-Apr-13 20:20,2462240.347222222,345.00185,-1.9614699999999996,-74.82203901717486,-5.369784618428909,-56.20058884087268,-5.3704181262758315
83,2029-Apr-13 20:25,2462240.350694444,343.51436,-3.17718,-73.18305066236928,-4.360212798430697,-55.657260201023746,-4.360809213956056
84,2029-Apr-13 20:30,2462240.354166667,341.94512,-4.4542600000000006,-71.46292029876844,-3.2939249242813156,-55.03278727478636,-3.2944803188177803
85,2029-Apr-13 20:35,2462240.357638889,340.2887,-5.79384,-69.65766061109912,-2.1692542397165626,-54.323182009325535,-2.169764030052882
86,2029-Apr-13 20:40,2462240.361111111,338.53947999999997,-7.196380000000001,-67.76339615124147,-0.9850301887515213,-53.5245690739539,-0.985489090859379
87,2029-Apr-13 20:45,2462240.364583333,336.69160999999997,-8.661430000000001,-65.77636672909381,0.2591997876531258,-52.63318806551558,0.25879778879670207
88,2029-Apr-13 20:50,2462240.368055556,334.73919,-10.18745,-63.69313450103874,1.563033198463917,-51.64560118143976,1.5626948616027652
89,2029-Apr-13 20:55,2462240.371527778,332.67625,-11.771609999999999,-61.510588207818614,2.9250297250039994,-50.55869626785636,2.9247625390024203
90,2029-Apr-13 21:00,2462240.375,330.49702999999994,-13.409479999999999,-59.2262402765723,4.342446960887396,-49.36998568283343,4.34225909258623
91,2029-Apr-13 21:05,2462240.378472222,328.19603,-15.094889999999998,-56.838261912674795,5.81111227113622,-48.07764019725437,5.811012473331889
92,2029-Apr-13 21:10,2462240.381944444,325.76836,-16.8197,-54.34579595394911,7.325223292675582,-46.680802141827996,7.325220759263625
93,2029-Apr-13 21:15,2462240.385416667,323.20995,-18.57371,-51.74908799907223,8.877256954367928,-45.179716822196326,8.877361121953507
94,2029-Apr-13 21:20,2462240.388888889,320.51794,-20.344630000000002,-49.049748726694816,10.457932653084555,-43.57599366792999,10.458152946522159
95,2029-Apr-13 21:25,2462240.392361111,317.69106,-22.11816,-46.25095278671171,12.056256331159803,-41.87280689848916,12.056601857125893
96,2029-Apr-13 21:30,2462240.395833333,314.73006,-23.878270000000004,-43.35762481560562,13.659736360772955,-40.07508038749961,13.660215564273777
97,2029-Apr-13 21:35,2462240.399305556,311.63818,-25.607620000000004,-40.37661230802365,15.254706807893445,-38.189661162922164,15.255327109063392
98,2029-Apr-13 21:40,2462240.402777778,308.42151999999993,-27.288100000000004,-37.316726568113495,16.826731411110707,-36.22535923316201,16.8274988459912
99,2029-Apr-13 21:45,2462240.40625,305.08944,-28.901559999999993,-34.18879414388596,18.36116910039023,-34.19300085617567,18.362087997172132
100,2029-Apr-13 21:50,2462240.409722222,301.65472,-30.430590000000002,-31.005507922529375,19.843760469616967,-32.10527853127627,19.84483318960715
101,2029-Apr-13 21:55,2462240.413194444,298.13359999999994,-31.859349999999996,-27.78123238898536,21.261256835887128,-29.976556629577203,21.262483606442558
102,2029-Apr-13 22:00,2462240.416666667,294.54552,-33.17428000000001,-24.531642619860804,22.6019385211058,-27.82251074397857,22.60331737541715
103,2029-Apr-13 22:05,2462240.420138889,290.91267,-34.36476,-21.273332030876134,23.856116801363484,-25.65973430998065,23.857643637036364
104,2029-Apr-13 22:10,2462240.423611111,287.25919,-35.4235,-18.023260016816323,25.016422086207207,-23.505188018908314,25.01809083409917
105,2029-Apr-13 22:15,2462240.427083333,283.61027,-36.34674,-14.798256026430465,26.07797347777708,-21.375702701067326,26.0797763655968
106,2029-Apr-13 22:20,2462240.430555556,279.99102999999997,-37.13419,-11.614434046859628,27.038370632341536,-19.287394338123192,27.04029851861115
107,2029-Apr-13 22:25,2462240.434027778,276.42553999999996,-37.788709999999995,-8.486780373899137,27.897495165560965,-17.255250579647395,27.899537907070016
108,2029-Apr-13 22:30,2462240.4375,272.93580000000003,-38.31593,-5.428700684372075,28.657316908692923,-15.292679474065608,28.659463743252328
109,2029-Apr-13 22:35,2462240.440972222,269.541,-38.72363,-2.4517386593770993,29.321493431569557,-13.411226807663411,29.323733336710763
110,2029-Apr-13 22:40,2462240.444444444,266.25703999999996,-39.02116,0.43457611390623313,29.89501778104227,-11.620424201627031,29.897339794321436
111,2029-Apr-13 22:45,2462240.447916667,263.09630999999996,-39.21886000000001,3.22277245016907,30.383851923567082,-9.927745014104914,30.38624541015574
112,2029-Apr-13 22:50,2462240.451388889,260.06767,-39.32748,5.907429799093874,30.794533029408296,-8.338610862568032,30.79698788712779
113,2029-Apr-13 22:55,2462240.454861111,257.17667,-39.357800000000005,8.485037004918714,31.133933654462663,-6.856534590871831,31.13644046465087
114,2029-Apr-13 23:00,2462240.458333333,254.42595000000003,-39.32022,10.953775045926891,31.40894247083094,-5.483336339044001,31.41149258831206
115,2029-Apr-13 23:05,2462240.461805556,251.81561,-39.22455000000001,13.313347511913358,31.626313370771413,-4.219313651008633,31.628898971463926
116,2029-Apr-13 23:10,2462240.465277778,249.34374,-39.07983,15.564687145853068,31.792494514478495,-3.0635337799614604,31.795108601796695
117,2029-Apr-13 23:15,2462240.46875,247.00678,-38.89425,17.70980181157195,31.913548232628386,-2.0139895018134553,31.916184617400845
118,2029-Apr-13 23:20,2462240.472222222,244.80002000000002,-38.67512,19.75147520969588,31.995079994778553,-1.0678972642100462,31.997733252537433
119,2029-Apr-13 23:25,2462240.475694444,242.71791,-38.42886000000001,21.693116765524138,32.04219285569785,-0.22184762031901073,32.04485826964296
120,2029-Apr-13 23:30,2462240.479166667,240.75438,-38.161089999999994,23.538560232291506,32.059526473820696,0.527993043920351,32.0621999738385
121,2029-Apr-13 23:35,2462240.482638889,238.90305999999998,-37.87664,25.2919472967452,32.05122223493656,1.1857672650688609,32.05390032982746
122,2029-Apr-13 23:40,2462240.486111111,237.15749,-37.57964,26.95758323430638,32.020963115227936,1.7557803641581364,32.02364282649172
123,2029-Apr-13 23:45,2462240.489583333,235.51128000000003,-37.27362999999999,28.539814971161125,31.972037063333524,2.2423796584615574,31.974715864376034
124,2029-Apr-13 23:50,2462240.493055556,233.95817,-36.96155,30.04301328635473,31.907296672164012,2.649936064504709,31.909972425440902
125,2029-Apr-13 23:55,2462240.496527778,232.49214,-36.64589,31.47146151201037,31.829268673706846,2.982733951737769,31.831939578955733
126,2029-Apr-14 00:00,2462240.5,231.10744999999997,-36.328720000000004,32.82932640243041,31.740157222786504,3.244940238096071,31.742821767823674
127,2029-Apr-14 00:05,2462240.503472222,229.79866,-36.01174,34.12063662662047,31.641871648477903,3.440584050142375,31.644528564831162
128,2029-Apr-14 00:10,2462240.506944444,228.56068,-35.69635,35.34922369050014,31.53607061053178,3.5734973398911887,31.53871883508782
129,2029-Apr-14 00:15,2462240.510416667,227.38869,-35.38369,36.518787476321094,31.424199884340354,3.6473801345421326,31.42683852700379
130,2029-Apr-14 00:20,2462240.513888889,226.27824999999999,-35.074670000000005,37.63278489567519,31.307490967299852,3.6656903496920625,31.310119279987244
131,2029-Apr-14 00:25,2462240.517361111,225.2252,-34.77002000000001,38.69450808169966,31.18701542555652,3.631720225036896,31.189632778315218
132,2029-Apr-14 00:30,2462240.520833333,224.22567,-34.47031,39.707066472379424,31.063693374152518,3.5485795799281092,31.066299233570685
133,2029-Apr-14 00:35,2462240.524305556,223.27608,-34.17598000000001,40.67337521350386,30.93831459621392,3.419183626102317,30.940908507062844
134,2029-Apr-14 00:40,2462240.527777778,222.37314,-33.88735,41.5961480934087,30.811541175929918,3.2462470767097726,30.814122744205992
135,2029-Apr-14 00:45,2462240.53125,221.51377000000002,-33.60467,42.477956488196696,30.683964120146623,3.0323413341196956,30.68653300252427
136,2029-Apr-14 00:50,2462240.534722222,220.69513999999998,-33.32809,43.321194700085805,30.556062027761346,2.7798610000383324,30.558617918008952
137,2029-Apr-14 00:55,2462240.538194444,219.91461999999999,-33.05771,44.128111158173084,30.42825426562966,2.491054785517343,30.430796886684284
138,2029-Apr-14 01:00,2462240.541666667,219.1698,-32.793580000000006,44.90078575181082,30.300893738207833,2.168002547855378,30.303422834041275
139,2029-Apr-14 01:05,2462240.545138889,218.45844,-32.53569,45.64117636056114,30.17426267475369,1.8126630017711327,30.17677800262313
140,2029-Apr-14 01:10,2462240.548611111,217.77846,-32.28403,46.35111085794326,30.048630403013583,1.4268639582913947,30.051131731237053
141,2029-Apr-14 01:15,2462240.552083333,217.12793,-32.03852,47.032310941219954,29.924184390477812,1.0123273337311023,29.926671490488783
142,2029-Apr-14 01:20,2462240.555555556,216.50509,-31.799090000000003,47.68635111768541,29.801102941190415,0.5706275429032638,29.803575586064145
143,2029-Apr-14 01:25,2462240.559027778,215.90829,-31.565649999999994,48.31472113344803,29.67953485361177,0.10325511110035819,29.681992815397816
144,2029-Apr-14 01:30,2462240.5625,215.33598999999998,-31.338060000000006,48.91883138319435,29.559568713074885,-0.388379678574438,29.562011757567344
145,2029-Apr-14 01:35,2462240.565972222,214.78679,-31.116219999999995,49.49996062210161,29.44131429640484,-0.902997904321353,29.443742184903876
146,2029-Apr-14 01:40,2462240.569444444,214.25937,-30.9,50.05932892918932,29.32484384198857,-1.4393793271124764,29.327256328442566
147,2029-Apr-14 01:45,2462240.572916667,213.75249000000002,-30.68924,50.598096426587354,29.210191202290154,-1.9963639653433347,29.212588030441307
148,2029-Apr-14 01:50,2462240.576388889,213.26504,-30.483830000000005,51.11729466178082,29.09742028264989,-2.5729195454215983,29.099801188686286
149,2029-Apr-14 01:55,2462240.579861111,212.79592999999997,-30.28361,51.617955581809156,28.98654646896772,-3.1680142754076996,28.988911178368678
150,2029-Apr-14 02:00,2462240.583333333,212.3442,-30.088439999999995,52.1009877417106,28.877584644247406,-3.7807394753827452,28.87993287170416
151,2029-Apr-14 02:05,2462240.586805556,211.90892,-29.89817,52.567279129001356,28.770537462106088,-4.410207328985393,28.77286891142538
152,2029-Apr-14 02:10,2462240.590277778,211.48923000000002,-29.71267,53.017650698406364,28.66541704191707,-5.055596178499854,28.667731407365917
153,2029-Apr-14 02:15,2462240.59375,211.08432000000002,-29.5318,53.452882245876275,28.56221890896481,-5.716126411025016,28.564515874526638
154,2029-Apr-14 02:20,2462240.597222222,210.69346,-29.35541,53.873682751970065,28.460916225168283,-6.391088942515012,28.463195462900725
155,2029-Apr-14 02:25,2462240.600694444,210.31593,-29.183370000000004,54.28075054358216,28.361501607046286,-7.079785343954427,28.363762779872168
156,2029-Apr-14 02:30,2462240.604166667,209.95108,-29.01555,54.6747195033688,28.26395641783732,-7.781581931273706,28.266199178870696
157,2029-Apr-14 02:35,2462240.607638889,209.59829,-28.85182,55.05619744332886,28.16825785733139,-8.495870211937756,28.170481850309166
158,2029-Apr-14 02:40,2462240.611111111,209.25699,-28.69205,55.42574633835113,28.074375141261648,-9.222088416973406,28.076580000298065
159,2029-Apr-14 02:45,2462240.614583333,208.92663,-28.53612,55.783908802025465,27.982284615001372,-9.959693846868277,27.984469966028588
160,2029-Apr-14 02:50,2462240.618055556,208.60671,-28.3839,56.131183370982576,27.891944578907772,-10.708188177233069,27.894110038489323
161,2029-Apr-14 02:55,2462240.621527778,208.29673,-28.235290000000003,56.46806349101163,27.80334345170638,-11.46707729379466,27.805488630642515
162,2029-Apr-14 03:00,2462240.625,207.99627,-28.09017,56.79497118406404,27.71643611795669,-12.235939394660534,27.718560618180685
163,2029-Apr-14 03:05,2462240.628472222,207.70488,-27.948429999999995,57.11235692747664,27.63119333311939,-13.014323925804035,27.633296750538882
164,2029-Apr-14 03:10,2462240.631944444,207.42216,-27.80997,57.42062157314443,27.547586999319744,-13.801829963832347,27.549668924021404
165,2029-Apr-14 03:15,2462240.635416667,207.14775,-27.674680000000002,57.720130568795135,27.46557235874473,-14.598092286638177,27.467632373834146
166,2029-Apr-14 03:20,2462240.638888889,206.88129,-27.54247000000001,58.01124583639144,27.38512462351109,-15.402748316852069,27.38716230765114
167,2029-Apr-14 03:25,2462240.642361111,206.62242999999998,-27.41324,58.29432294279777,27.30620774670449,-16.215442714299343,27.30822267390117
168,2029-Apr-14 03:30,2462240.645833333,206.37086,-27.286889999999996,58.56967932367284,27.228778653155715,-17.03585797978144,27.230770392286626
169,2029-Apr-14 03:35,2462240.649305556,206.12626999999998,-27.163350000000005,58.83762630246444,27.152823898938212,-17.863683021580187,27.154792016914527
170,2029-Apr-14 03:40,2462240.652777778,205.8884,-27.042519999999993,59.09843404795216,27.078291746129498,-18.698647024019294,27.080235804643262
171,2029-Apr-14 03:45,2462240.65625,205.65695,-26.924330000000005,59.35240561681006,27.00516737668518,-19.540447162970224,27.007086936721077
172,2029-Apr-14 03:50,2462240.659722222,205.43168,-26.808679999999995,59.59979293664836,26.933395782049168,-20.388831453484215,26.935290400239833
173,2029-Apr-14 03:55,2462240.663194444,205.21235,-26.69552,59.8408369419507,26.862971050361764,-21.24355890621183,26.864840283452548
174,2029-Apr-14 04:00,2462240.666666667,204.99873,-26.584750000000003,60.075780851918324,26.793836648682706,-22.104386539379448,26.79568005016818
175,2029-Apr-14 04:05,2462240.670138889,204.79059,-26.47632,60.30485684342218,26.725985108231743,-22.971081534405528,26.727802232761842
176,2029-Apr-14 04:10,2462240.673611111,204.58773,-26.370140000000003,60.52827733676492,26.659364412080194,-23.843431711693995,26.661154812075356
177,2029-Apr-14 04:15,2462240.677083333,204.38995,-26.266160000000003,60.7462459485376,26.593961793921146,-24.721233403587405,26.595725023113214
178,2029-Apr-14 04:20,2462240.680555556,204.19706,-26.16432,60.95895916428097,26.529752952102097,-25.60429036786877,26.53148856503513
179,2029-Apr-14 04:25,2462240.684027778,204.00889,-26.06454,61.16659874712563,26.466690408639202,-26.49242020375584,26.468397959139498
180,2029-Apr-14 04:30,2462240.6875,203.82527,-25.96677,61.369339885415386,26.404756119669806,-27.385447968707012,26.40643516351101
181,2029-Apr-14 04:35,2462240.690972222,203.64602999999997,-25.87096,61.56735806460499,26.343932103843493,-28.283198129357345,26.345582199309977
182,2029-Apr-14 04:40,2462240.694444444,203.47100999999998,-25.777039999999996,61.76082377399452,26.28417901568551,-29.185500148471817,26.285799722402146
183,2029-Apr-14 04:45,2462240.697916667,203.30007999999998,-25.684960000000004,61.949873675412626,26.225471617209028,-30.092217613884088,26.22706249680532
184,2029-Apr-14 04:50,2462240.701388889,203.13307999999998,-25.59467,62.134674147982494,26.167790229890354,-31.00318351224837,26.169350847776986
185,2029-Apr-14 04:55,2462240.704861111,202.9699,-25.50613,62.31534032257641,26.11111580608894,-31.918282964926107,26.112645730504198
186,2029-Apr-14 05:00,2462240.708333333,202.81038999999998,-25.41928,62.49203140660133,26.055417105502436,-32.83735671891884,26.05691590841139
187,2029-Apr-14 05:05,2462240.711805556,202.65443,-25.33407,62.66487498519278,26.000667187377555,-33.76027744057524,26.00213444436098
188,2029-Apr-14 05:10,2462240.715277778,202.50190999999998,-25.25047,62.83398442202756,25.946856878769783,-34.6869311381102,25.948292170306097
189,2029-Apr-14 05:15,2462240.71875,202.35270999999997,-25.168429999999997,62.99948760143824,25.89395928396612,-35.6171901793162,25.895362195055704
190,2029-Apr-14 05:20,2462240.722222222,202.20673,-25.087899999999998,63.1614928330727,25.841943846323495,-36.55094621454481,25.843313966118135
191,2029-Apr-14 05:25,2462240.725694444,202.06386999999998,-25.008839999999996,63.32010627986168,25.790789816224628,-37.48809304175768,25.79212673905745
192,2029-Apr-14 05:30,2462240.729166667,201.92402,-24.93123,63.47543957305604,25.74049788123545,-38.428519285344635,25.741801208574817
193,2029-Apr-14 05:35,2462240.732638889,201.7871,-24.855010000000007,63.627583887284956,25.691024053795015,-39.37213314477776,25.692293391125354
194,2029-Apr-14 05:40,2462240.736111111,201.653,-24.780160000000002,63.776651065132725,25.642369041685782,-40.31882303398493,25.64360400241233
195,2029-Apr-14 05:45,2462240.739583333,201.52165,-24.706629999999997,63.92272033944606,25.594496828000384,-41.26850968407382,25.59569703045885
196,2029-Apr-14 05:50,2462240.743055556,201.39294999999998,-24.6344,64.06589387651889,25.547406296477696,-42.22109118684773,25.5485713672108
197,2029-Apr-14 05:55,2462240.746527778,201.26684,-24.56342,64.20624118296494,25.501059603177442,-43.176497413304276,25.50218917400762
198,2029-Apr-14 06:00,2462240.75,201.14323,-24.493669999999998,64.34385470993199,25.45545380310988,-44.13463617197044,25.456547514322633
199,2029-Apr-14 06:05,2462240.753472222,201.02205,-24.425120000000003,64.4788094822012,25.410572485354272,-45.09543240496578,25.411629984634228
