,datetime_jd,datetime_str,Arecibo,Goldstone,Green Bank,Very Large Array,FAST,Canberra DSS-43,EDSCC,Usuda Deep Space Center ,Effelsberg,Lovell,Madrid DSS-63,Parkes,AVN-Ghana
0,2462240.063,2029-Apr-13 13:30,-51.478889815272225,-13.522816772603875,-42.62888417111574,-20.241871435904955,20.02845571347781,76.98286625510133,17.05644604985298,26.316441755602447,-55.16967564836804,-57.38533717459609,-67.1409803020953,78.73574192859246,-60.853223459235295
1,2462240.066,2029-Apr-13 13:35,-52.563784234142446,-14.413579385495595,-43.53170574505643,-21.17111462611362,20.869097723858786,77.35513773227842,17.441400094814824,26.661917565866283,-54.507931952106986,-56.88289747474798,-66.37964337154156,79.26578441442693,-59.99532268927018
2,2462240.069,2029-Apr-13 13:40,-53.650978163515504,-15.309360435962716,-44.43467372091192,-22.104408066039838,21.703018281641263,77.64370308045828,17.812919748635395,26.989774978704958,-53.83409690123713,-56.362963869595035,-65.60045157468906,79.706912120823,-59.11937166363407
3,2462240.073,2029-Apr-13 13:45,-55.06220938654877,-16.486241702576763,-45.61420585369794,-23.327538306987847,22.76365553970058,77.90597409412855,18.257992844395673,27.371095540492618,-52.95657492886389,-55.67941851393937,-64.57774129863748,80.14859219013299,-57.94444761494796
4,2462240.076,2029-Apr-13 13:50,-56.1540011896935,-17.392710758319197,-46.516363044633124,-24.26934399195568,23.579858370697167,77.97907553104828,18.596894309480277,27.656369763707374,-52.25747253541519,-55.12221245917982,-63.76305474623129,80.33894078407981,-57.03219529688192
5,2462240.08,2029-Apr-13 13:55,-57.56963776866377,-18.58212447613998,-47.693458444281816,-25.50222349847867,24.614186177374393,77.9495590072524,18.997375281098556,27.979914637736243,-51.34984522199116,-54.39334094299534,-62.6990763301572,80.42326868636866,-55.81525045346521
6,2462240.083,2029-Apr-13 14:00,-58.66605679019824,-19.49870484326219,-48.593402780150996,-26.452045057237086,25.41061005754368,77.79279438070877,19.30216076362217,28.22068732016659,-50.628063852657164,-53.80219317921049,-61.85485789868113,80.32133793505386,-54.871981847237834
7,2462240.087,2029-Apr-13 14:05,-60.08604372515427,-20.699874169176795,-49.76612363782277,-27.694000219598564,26.415740794752132,77.47080316629713,19.656176001356528,28.48413446194906,-49.6935628906713,-53.03224475218326,-60.756578602345314,80.02690538566304,-53.61918087995949
8,2462240.09,2029-Apr-13 14:10,-61.18710112306877,-21.625998798490173,-50.66217171473426,-28.65133410148036,27.19007676242694,77.09773608484011,19.92537392284892,28.678597851073405,-48.951349834224544,-52.41021174684829,-59.88745474990523,79.64513903762409,-52.6490636266831
9,2462240.094,2029-Apr-13 14:15,-62.61131067598498,-22.838139688383677,-51.82816643146944,-29.901660384193747,28.162769706558528,76.515788575451,20.23109250432698,28.879796143121375,-47.99281274350054,-51.60309104513357,-58.7603285565672,79.02018950397115,-51.36528799732551
10,2462240.097,2029-Apr-13 14:20,-63.71700878237732,-23.773251024316494,-52.718276757449985,-30.86599533692069,28.91248012025879,75.95995866460044,20.463307849908503,29.02631864351566,-47.232073423716884,-50.952903890488585,-57.86985079739995,78.4136935367707,-50.37158304975861
11,2462240.101,2029-Apr-13 14:25,-65.14526659866098,-24.995604122848405,-53.87470242433818,-32.12398828335162,29.849173029251233,75.16721256820666,20.7189952465492,29.163357852572084,-46.25193972121764,-50.112117141473306,-56.71810920604153,77.53935175032846,-49.06065008063763
12,2462240.104,2029-Apr-13 14:30,-66.25553773969091,-25.93914175040129,-54.75636262380263,-33.09478659372455,30.571420468747043,74.46763111621544,20.912878843585503,29.260468604310653,-45.47432191674491,-49.43623061446269,-55.80903621734504,76.77068986670707,-48.04590185029909
13,2462240.108,2029-Apr-13 14:35,-67.68752130953229,-27.170912042767952,-55.899679821182275,-34.35967638528042,31.468196227767834,73.51283468966295,21.11693054333216,29.331732452285088,-44.474693494060006,-48.5649026468314,-54.63598177340057,75.72117541950247,-46.71082252998269
14,2462240.111,2029-Apr-13 14:40,-68.80218983392052,-28.122306399265355,-56.769765935107245,-35.336364300302876,32.159852138931576,72.70391090077791,21.271217153272886,29.37816951388473,-43.68159562750205,-47.86548167736831,-53.710435440784096,74.83966955638282,-45.67699306180228
15,2462240.115,2029-Apr-13 14:45,-70.23736823497521,-29.36271387152678,-57.89559572835006,-36.60735890880271,33.01242163188175,71.62696742529592,21.422144527197148,29.382327173212786,-42.66427515088225,-46.966379735833414,-52.51863320863512,73.66868029133602,-44.32007550146474
16,2462240.118,2029-Apr-13 14:50,-71.35604835369676,-30.321357845708945,-58.750162835224046,-37.589292908342074,33.67007768107056,70.7351934215005,21.535695922678386,29.377087143183623,-41.85685597460247,-46.245293868801724,-51.57821994302694,72.70780098286033,-43.26866265801513
17,2462240.122,2029-Apr-13 14:55,-72.79343498835274,-31.569560558056878,-59.85295385749174,-38.86549279715186,34.473779438256926,69.56582209499737,21.63217961502353,29.313155238644754,-40.82338566021096,-45.32084672257932,-50.369666925825726,71.4507738172977,-41.891694035668394
18,2462240.125,2029-Apr-13 15:00,-73.91530093746073,-32.53481369696728,-60.687011204117056,-39.85195198024448,35.093685560011586,68.61035628101624,21.703936409445816,29.255447316961714,-40.002641936820595,-44.57974477940314,-49.41562515226198,70.43210754901821,-40.82381077396735
19,2462240.128,2029-Apr-13 15:05,-75.03874630193391,-33.50299901511369,-61.5101532413249,-40.840384012920595,35.69644493446521,67.63113300306495,21.75739373750767,29.174806256095074,-39.17590062346571,-43.82994010946777,-48.455499860835204,69.39243610295834,-39.748561805574894
20,2462240.132,2029-Apr-13 15:10,-76.4763959913403,-34.76106939149206,-62.56687578653148,-42.12248763319366,36.42164207265702,66.36402538551044,21.7738972378328,29.012113129983838,-38.12105131238232,-42.8723275853699,-47.225074523152955,68.0491188882354,-38.3445595733821
21,2462240.135,2029-Apr-13 15:15,-77.60014877033649,-35.73482779387868,-63.359739607954566,-43.114189814534484,36.98078254588712,65.33894958296362,21.784273165749866,28.878307530841063,-37.28204741486657,-42.10439451208441,-46.252484253077,66.96964962739867,-37.253854598880125
22,2462240.139,2029-Apr-13 15:20,-79.03183365536492,-36.99834218699857,-64.37257142305583,-44.398718994837736,37.64427345795104,64.02044816245463,21.7438421332688,28.646535899115428,-36.21384751973042,-41.12605893499324,-45.00838271564689,65.58237030653945,-35.83239542041599
23,2462240.142,2029-Apr-13 15:25,-80.15047681420825,-37.976837388527514,-65.12604259519469,-45.39261011020139,38.15539501525725,62.95745500580012,21.710433373468675,28.459422173051003,-35.36314279549573,-40.34106150428863,-44.023839944381706,64.47037914938329,-34.72662438215406
24,2462240.146,2029-Apr-13 15:30,-81.56410842663004,-39.244604323158,-66.0821195604776,-46.67802454844892,38.75139389096135,61.596529868219804,21.61239160358339,28.158771992030992,-34.282458898206386,-39.343482685279696,-42.76682798823836,63.04716395090935,-33.288247758064855
25,2462240.149,2029-Apr-13 15:35,-82.66330569741584,-40.2268383956,-66.78456526112393,-47.67275174095033,39.20987798089802,60.50111796941226,21.53464579112014,27.91845596705918,-33.4204922654223,-38.542303164331486,-41.77065440379448,61.907374281201704,-32.16759676961318
26,2462240.153,2029-Apr-13 15:40,-84.02461386901058,-41.49749092937563,-67.66759935651962,-48.95718191323559,39.73246374868036,59.10402380503554,21.37855217780796,27.54946668299266,-32.32798697724611,-37.5266851349793,-40.5012123004899,60.453498485340496,-30.7125484703363
27,2462240.156,2029-Apr-13 15:45,-85.05682364353655,-42.48228965077723,-68.3044224363552,-49.951066234147135,40.13354211177513,57.97996765440177,21.256052160945345,27.256263158030606,-31.455072951353117,-36.71002888888225,-39.49354702366105,59.28894852791956,-29.57698841209634
28,2462240.16,2029-Apr-13 15:50,-86.23533141639837,-43.75417534190774,-69.09417878808361,-51.23214327958547,40.5766936935271,56.551128338377865,21.041655223265465,26.819749799031506,-30.351310139889662,-35.677407942310666,-38.21199419056066,57.80794624615816,-28.105316068966673
29,2462240.163,2029-Apr-13 15:55,-86.9837435056188,-44.74011410354359,-69.64753796984752,-52.22304939196613,40.915564818749004,55.40095274207543,20.874140310023463,26.474179136280867,-29.46762613545998,-34.84579341296566,-37.1927951500071,56.620516511517074,-26.954616445031263
30,2462240.167,2029-Apr-13 16:00,-87.38449127098949,-46.01123682954858,-70.31979334277509,-53.497766017173234,41.27337701326471,53.943402201159294,20.601417062557914,25.971228172852378,-28.352997486980314,-33.79697099642436,-35.89922829973645,55.11465652790075,-25.466126404081137
31,2462240.17,2029-Apr-13 16:05,-87.1532844285388,-46.99652646319129,-70.7688904493076,-54.48290554554387,41.54530672210899,52.76874722065168,20.388777647821925,25.573990851076303,-27.45861604801695,-32.950764259300726,-34.86831465455586,53.905443188470564,-24.299895256603634
32,2462240.174,2029-Apr-13 16:10,-86.25647096096625,-48.26440273048428,-71.29640139052864,-55.7473515111445,41.812098349664794,51.284558802510325,20.05788830783085,25.005891091032126,-26.333416732712692,-31.88638654557832,-33.56269023019921,52.376155410866346,-22.79420948294178
33,2462240.177,2029-Apr-13 16:15,-85.33379003640485,-49.24681118124272,-71.61886141774156,-56.723086530994095,42.0125613194782,50.08635804285827,19.800148386317602,24.557818426554576,-25.42827342826429,-31.025774836907814,-32.51970819759168,51.14563809524885,-21.61184808971761
34,2462240.181,2029-Apr-13 16:20,-83.99740137086377,-50.508330937704244,-71.97392464975155,-57.97213691708285,42.18309332093427,48.57682693495465,19.411442390040875,23.926027521643846,-24.292652591603385,-29.9462881839204,-31.20179563480599,49.593681717479996,-20.088363740733342
35,2462240.184,2029-Apr-13 16:25,-82.89613366356718,-51.48497267746032,-72.14854414623579,-58.933598085167375,42.30789459200436,47.35551798534827,19.10875656908523,23.42806512561927,-23.3765952973948,-29.071329516377006,-30.14627600069032,48.341922235925026,-18.889126499200685
36,2462240.188,2029-Apr-13 16:30,-81.44008098193112,-52.73616640863901,-72.30729384783831,-60.16042972018556,42.377535152525056,45.82134518196001,18.662749154800636,22.734160163403033,-22.23057640756562,-27.977003725913875,-28.81567986485804,46.76755242838891,-17.347029303416704
37,2462240.191,2029-Apr-13 16:35,-80.27475730070054,-53.70335177988079,-72.31795748548186,-61.101119851630756,42.422936228113315,44.57690829045232,18.31535639258641,22.187290546812108,-21.303320854320162,-27.087587960548888,-27.746981662338456,45.49421690247126,-16.129943228089033
38,2462240.194,2029-Apr-13 16:40,-79.09077380573228,-54.665031247616696,-72.25271863041269,-62.029970352077896,42.432698179399495,43.3209948140777,17.948394036685045,21.618987405624267,-20.370099144565387,-26.19085467382223,-26.671319828689747,44.20999357177872,-14.903801805841425
39,2462240.198,2029-Apr-13 16:45,-77.5672732790311,-55.89192507260256,-72.10462115376257,-63.2076011832998,42.350695436304996,41.75040158705712,17.42098501343517,20.838212624723653,-19.207964868406506,-25.074398091555906,-25.32050018704325,42.601763503439585,-13.332147589637117
40,2462240.201,2029-Apr-13 16:50,-76.35363124711964,-56.836613637131194,-71.86787671269747,-64.10186599955998,42.2766157179783,40.470599089207994,17.009788905775096,20.22242158324798,-18.26283918508831,-24.162687972975803,-24.230381092296696,41.29484235397506,-12.086341126130037
41,2462240.205,2029-Apr-13 16:55,-74.80277175888807,-58.037580905154954,-71.50859450491936,-65.22857153278528,42.085737829995814,38.87510333842767,16.426863354758297,19.383560180884672,-17.089762432392007,-23.03124791227377,-22.865138226744563,39.66313632661089,-10.49309629710406
42,2462240.208,2029-Apr-13 17:00,-73.56529856530233,-58.958012752797885,-71.10724569641442,-66.0744472548279,41.92563363983748,37.57055700972225,15.97188304382152,18.721302135954204,-16.132126352439187,-22.104040986977452,-21.75950737339764,38.33245840280883,-9.226121459946654
43,2462240.212,2029-Apr-13 17:05,-71.99129378303095,-60.12297606225758,-70.55099774479118,-67.13077722190295,41.624285046641326,35.949493520947506,15.33436379649514,17.826025780276723,-14.9477157311578,-20.95731101666243,-20.378875116421014,36.67636551596017,-7.609679170203805
44,2462240.215,2029-Apr-13 17:10,-70.73183583674873,-61.00948871424595,-69.99916775703562,-67.90958353324149,41.37669891874802,34.61904267035716,14.83611458037987,17.118295465928625,-13.976808127862114,-20.013896731535368,-19.25647659840024,35.320597142742585,-6.319772699964645
45,2462240.219,2029-Apr-13 17:15,-69.13583424124283,-62.125092571312564,-69.26699307272452,-68.86944511259952,40.96426046563921,32.971411603781746,14.144999767450514,16.168227815793898,-12.78052146768401,-18.85137304525084,-17.85927698649614,33.63890717843106,-4.678228220410489
46,2462240.222,2029-Apr-13 17:20,-67.85446846294366,-62.96485295323774,-68.58219307626979,-69.55640748037007,40.628403379725064,31.613618607695138,13.604024731060719,15.415953280408928,-11.795442349313461,-17.890864998321874,-16.718656950132726,32.256461651979215,-3.363344903682986
47,2462240.226,2029-Apr-13 17:25,-66.23613179323414,-64.01341408553657,-67.69715192549612,-70.38576162175775,40.10517999761019,29.938081071590446,12.860393463363437,14.412667865037136,-10.586556872094178,-16.711814035021902,-15.303463740887764,30.54765497110985,-1.6944579568345404
48,2462240.229,2029-Apr-13 17:30,-64.93195781603066,-64.7894901373902,-66.89688022137892,-70.94935347059203,39.680870551560425,28.551212051046285,12.277263021878767,13.616703984655189,-9.586235877165706,-15.733115755800256,-14.142928914547966,29.13666897287903,-0.3522222919579576
49,2462240.233,2029-Apr-13 17:35,-63.29007951362263,-65.74789655786086,-65.88061222259017,-71.60631303230616,39.047900195640736,26.84613353002473,11.48220939231392,12.561664413225415,-8.36389375798771,-14.536616378621062,-12.70809087421695,27.39895155516058,1.3466096743088514
50,2462240.236,2029-Apr-13 17:40,-61.96151829202984,-66.43836135988093,-64.98025134222544,-72.00941847740202,38.535432489479525,25.428130071805683,10.857493826824168,11.722762093024159,-7.347065048977427,-13.538392345879231,-11.52566444417485,25.957252029098342,2.7189741014222903
51,2462240.24,2029-Apr-13 17:45,-60.29425450011561,-67.27710744196656,-63.851081201164135,-72.44743979089617,37.794368239871666,23.691529310247617,10.012164954670823,10.617353995497353,-6.11020800938752,-12.323264111785974,-10.069229751367956,24.188502150015395,4.450786851781288
52,2462240.243,2029-Apr-13 17:50,-58.939197994632195,-67.85447740522031,-62.862996735455255,-72.65183726316849,37.19440785869191,22.240000141381117,9.34646943230031,9.736197141554854,-5.075387904369251,-11.303910470211761,-8.86261870790166,22.71359661864163,5.856492173584812
53,2462240.247,2029-Apr-13 17:55,-57.2441753776086,-68.53763227059804,-61.635414775593944,-72.82772455350295,36.347281392499305,20.469570628860723,8.452024665506798,8.581698027237124,-3.822792094731426,-10.068740162922637,-7.3823409891122225,20.911380314180462,7.624802828356707
54,2462240.25,2029-Apr-13 18:00,-55.8600212897305,-68.96951550822712,-60.56886362551154,-72.80240463846516,35.66067882194361,18.98178185840088,7.745960472553932,7.658880618897157,-2.76828422307716,-9.026381343694041,-6.148911701444064,19.40044260435164,9.067568592675684
55,2462240.253,2029-Apr-13 18:05,-54.46017099806585,-69.32388335988603,-59.468119074602726,-72.66707436690345,34.93495101934362,17.474394344082185,7.021667159349761,6.716842189386782,-1.7024042757705047,-7.971157861110726,-4.900526066271183,17.869977858831902,10.530097680964914
56,2462240.257,2029-Apr-13 18:10,-52.71792751861278,-69.70840593860564,-58.114934485303564,-72.4175651076844,33.93737687103759,15.64762234569136,6.057807838528987,5.492532291807521,-0.4223265032144212,-6.701858566529424,-3.378843770686416,16.01173533026825,12.360662415522881
57,2462240.26,2029-Apr-13 18:15,-51.284083208793305,-69.86746835232879,-56.94381095537389,-72.03712311637875,33.12602134271814,14.099048540050092,5.293999915197304,4.509471316824403,0.6663938582132829,-5.620087905275739,-2.0988210460047156,14.440191854699464,13.866989685010097
58,2462240.264,2029-Apr-13 18:20,-49.50576456426762,-69.99952944230228,-55.51245484024744,-71.4965316602107,32.02756641986338,12.230871806983572,4.283983707141431,3.238807246971575,1.966382352604171,-4.325741451612501,-0.5458643575866802,12.540636033531413,15.745580533033134
59,2462240.267,2029-Apr-13 18:25,-48.0338921447204,-69.93541205603668,-54.27371029802427,-70.88340491978471,31.13125321691485,10.637295564616394,3.4813702603824197,2.2151889824673248,3.0803461452343583,-3.2146334210741543,0.7696037110216878,10.924117579461267,17.301176054262186
60,2462240.271,2029-Apr-13 18:30,-46.21506213083893,-69.78898430585977,-52.76754142635269,-70.0763471684206,29.93390774277009,8.7239223159241,2.42662214108762,0.8993313841838244,4.402296613673059,-1.8926411037310658,2.35762472034574,8.979353499071777,19.23381513506888
61,2462240.274,2029-Apr-13 18:35,-44.70045610862903,-69.48613215718555,-51.46183503980322,-69.25439987242271,28.95306401067441,7.081052381465824,1.5860638581366828,-0.16430197165213656,5.5442000784590135,-0.7489852390212803,3.7129083198910706,7.313491025987432,20.845034488351743
62,2462240.278,2029-Apr-13 18:40,-42.83591001758364,-69.05267448921089,-49.881861087187445,-68.21425665750732,27.658477068565816,5.11819125256784,0.48818992229992375,-1.5240952236857481,6.890388044009654,0.6036453746902168,5.340342324812326,5.31912352449136,22.83875898774636
63,2462240.281,2029-Apr-13 18:45,-41.273026684152455,-68.51050617402629,-48.50791516473495,-67.21000586144217,26.593177342121024,3.421165590626586,-0.38924427712710497,-2.6270619658088634,8.063261481485398,1.7835595316400656,6.740494569887119,3.5989759767023486,24.51306102224737
64,2462240.285,2029-Apr-13 18:50,-39.35665468999781,-67.79896636646353,-46.853000080159006,-65.96941312065215,25.202612866428552,1.4039654493956135,-1.5283171759085263,-4.029281474376688,9.436190256226112,3.1702691687338387,8.412333306675436,1.5500473127898147,26.57610854913206
65,2462240.288,2029-Apr-13 18:55,-37.738988068633844,-67.02928574572732,-45.40774654617306,-64.80599711960002,24.052511152577964,-0.3526576323153563,-2.441255804514796,-5.170639376852961,10.64332975098064,4.390639838710172,9.863122290205439,-0.22991196887100784,28.322223763069935
66,2462240.292,2029-Apr-13 19:00,-35.76359155519077,-66.06044602345153,-43.67473198846932,-63.39160959102841,22.56678094059434,-2.4296542659528058,-3.6191624487070584,-6.613378836349199,12.045657332900447,5.815317419948343,11.585048639006544,-2.3389750445844015,30.46426288932951
67,2462240.295,2029-Apr-13 19:05,-34.08349186614436,-65.08139195020516,-42.15330073309079,-62.086124509342085,21.331160272075635,-4.251962396855944,-4.565707612009561,-7.791677314074931,13.290606395070569,7.080889931168869,13.093053542282334,-4.18492657187717,32.29241527851526
68,2462240.299,2029-Apr-13 19:10,-32.040602550460946,-63.88016057399477,-40.33702883098542,-60.5169686276152,19.750696887183565,-6.394845052825204,-5.779380843737741,-9.272329367181655,14.725030447725885,8.547859164781116,14.871461851039214,-6.360343023125708,34.524760624005744
69,2462240.302,2029-Apr-13 19:15,-30.289050913948728,-62.71026342077931,-38.73269202100593,-59.08009733017758,18.42849223792109,-8.289599686711014,-6.756897283621626,-10.485349829498858,16.01142692423204,9.863886217980038,16.44408922332981,-8.279156761735777,36.446917289800965
70,2462240.306,2029-Apr-13 19:20,-28.168686031063515,-61.299569313750084,-36.82594747514371,-57.367853472527116,16.75342045152351,-10.505097328365295,-8.00229057478488,-12.000262244305517,17.480429526391887,11.377797403982001,18.286021313583277,-10.52780909426717,38.782785978203584
71,2462240.309,2029-Apr-13 19:25,-26.33505247343726,-59.95380885562187,-35.12998414195759,-55.804409106674,15.343373708406006,-12.47973471417697,-9.007043152026796,-13.244581245440827,18.81174548586567,12.749941493579698,19.931447382346846,-12.527053736848998,40.812882693584605
72,2462240.313,2029-Apr-13 19:30,-24.125428265714277,-58.35116949720583,-33.12331390906519,-53.95426336304183,13.573748429896568,-14.775225243837468,-10.278654895684781,-14.788486741527223,20.31723152064204,14.315618464679886,21.84444927542968,-14.856508467786568,43.26763768591942
73,2462240.316,2029-Apr-13 19:35,-22.19716724650594,-56.83917290872574,-31.32479482236326,-52.26391474491888,12.074628956081014,-16.837831032085177,-11.305352227701306,-16.05890272417153,21.696299721261838,15.749715947420626,23.57140723293874,-16.944440644250975,45.42178487802189
74,2462240.319,2029-Apr-13 19:40,-20.21657038144626,-55.24933367050201,-29.470743855306125,-50.51042043184174,10.531629317520512,-18.948652917738173,-12.340448949112854,-17.34003923251032,23.102734228585547,17.21897659577965,25.344218309504512,-19.080970177170656,47.643686638350104
75,2462240.323,2029-Apr-13 19:45,-17.84671294227813,-53.38108200151527,-27.29178764715904,-48.453308014339086,8.621784722735,-21.380494702712113,-13.636750252412938,-18.912843288367952,24.66712712754058,18.873379323595287,27.38037768252989,-21.548396920789926,50.3096141281276
76,2462240.326,2029-Apr-13 19:50,-15.748486503476173,-51.62796903795612,-25.314022693077646,-46.56369310731134,6.988559749930005,-23.592514258383616,-14.68173789908262,-20.2073327745791,26.123010483442073,20.4129660122166,29.24804232451892,-23.78720350937361,52.6836142598427
77,2462240.33,2029-Apr-13 19:55,-13.250056251333973,-49.5821042306726,-23.00013688539198,-44.358266150326074,4.986216534118029,-26.125053909912538,-15.980202811834573,-21.783712254343243,27.72097689512953,22.128952185433022,31.372840831871486,-26.356903694537806,55.516386996673646
78,2462240.333,2029-Apr-13 20:00,-11.01554773724952,-47.6615006031426,-20.88098337720369,-42.32164770667447,3.2638734385999584,-28.447303939473784,-17.02253372499443,-23.077522517253698,29.22283909783893,23.742247566817156,33.34199137483348,-28.70740343990451,58.063099553687024
79,2462240.337,2029-Apr-13 20:05,-8.368015496090862,-45.43348347249213,-18.412858901742055,-39.95610441353051,1.172848358314809,-31.088937456083826,-18.306501134930528,-24.63858709660991,30.845211870028024,25.519517042744084,35.55747726168467,-31.388327937973315,61.08416030233026
80,2462240.34,2029-Apr-13 20:10,-5.975723966776599,-43.336207810650194,-16.131415699584466,-37.75778776037558,-0.6349134556516134,-33.530149844910355,-19.32868590281204,-25.91135063560172,32.38296065332151,27.20606325565948,37.62985471150683,-33.85982373259225,63.82312438240872
81,2462240.344,2029-Apr-13 20:15,-3.1556602680802825,-40.916226665498385,-13.486348551697404,-35.21630636618761,-2.8073132574650685,-36.288474018569076,-20.575455455167003,-27.430325181542656,34.01115256814443,29.038307148354427,39.929625803571604,-36.6604000768648,67.05050467172188
82,2462240.347,2029-Apr-13 20:20,-0.5813585698369224,-38.62868441842008,-11.018394020738015,-32.838044022032605,-4.692661157388599,-38.85621622710471,-21.55358702827216,-28.6531329257363,35.56350047156063,30.790259850373403,42.096320728111806,-39.26134818610723,69.99249511998312
83,2462240.351,2029-Apr-13 20:25,2.437238452880038,-36.002293530623376,-8.170264776401595,-30.101095067772036,-6.933717318475132,-41.73693372274843,-22.732734522906355,-30.09279264829746,37.16382530979656,32.66050998513981,44.4571360990588,-42.18857612105677,73.42623661282498
84,2462240.354,2029-Apr-13 20:30,5.21982569465213,-33.507087721481895,-5.4884302782901955,-27.521450091281665,-8.882491487824737,-44.43627819840191,-23.634825961452293,-31.22562476462376,38.69167190711891,34.45701904703948,46.68797084694339,-44.925488344226835,76.54148456575487
85,2462240.358,2029-Apr-13 20:35,8.46435498873278,-30.656098233432814,-2.4082028105164284,-24.566422807808138,-11.171523385941981,-47.44130501036287,-24.706631784109803,-32.53570003368773,40.207369905920835,36.33026662841601,49.05431678378553,-47.983408701622096,80.0829397053735
86,2462240.361,2029-Apr-13 20:40,11.481763775235137,-27.93306389260941,0.5171434779245914,-21.761622630812752,-13.160475063086096,-50.272503573473955,-25.49136775599503,-33.52525057826553,41.64488094470407,38.12868672355708,51.278336426952066,-50.85899212368926,83.05733584917665
87,2462240.365,2029-Apr-13 20:45,14.978361090518533,-24.83687911137305,3.8600750433813857,-18.56400508468353,-15.465598641646835,-53.39669418762398,-26.405873117728234,-34.64066293172411,42.986876719130265,39.941260916998544,53.5354983317368,-54.04614042992759,85.47847705773725
88,2462240.368,2029-Apr-13 20:50,18.25367219140449,-21.86478338212015,7.058814616621106,-15.509579425112534,-17.459053054688454,-56.35099392178142,-27.02240969671567,-35.41969948065595,44.23237619697249,41.66508549458519,55.608040774514016,-57.05610065990976,84.85746560066767
89,2462240.372,2029-Apr-13 20:55,22.022009251288225,-18.502633232482268,10.69379630285789,-12.045178441119916,-19.733605491866328,-59.57569911051695,-27.72027172687153,-36.261541307498675,45.272828830904956,43.311545694532406,57.541215618517306,-60.36068216855793,81.76994099710356
90,2462240.375,2029-Apr-13 21:00,25.568057436334144,-15.26186289453409,14.192386700201666,-8.718749446542219,-21.68004410547968,-62.62671028029513,-28.11024452242043,-36.75186930008235,46.18614036670386,44.837615984766074,59.200969266857,-63.48740008859659,78.00392078372383
91,2462240.378,2029-Apr-13 21:05,29.246715836734445,-11.882622254485952,17.846822803734028,-5.251208420248872,-23.582375086440237,-65.71024414808153,-28.370550229118763,-37.07546635889075,46.88436314441004,46.21360314742802,60.53561373052321,-66.66174695901842,73.91313386011578
92,2462240.382,2029-Apr-13 21:10,33.41976715034174,-8.093006999410633,21.958054721018556,-1.3531329262917922,-25.688966131373462,-68.9857623405558,-28.629597398114342,-37.35474390310648,47.18391031845414,47.315492028514896,61.32292244423641,-70.07190122499779,69.30246611876069
93,2462240.385,2029-Apr-13 21:15,37.34196352048059,-4.4284286489188815,25.931575019336066,2.4055151918687017,-27.434161835766986,-72.03545241044543,-28.57589201472355,-37.27424199021068,47.31088897243548,48.22069033064251,61.658936161570026,-73.26799915559724,64.85301727993071
94,2462240.389,2029-Apr-13 21:20,41.73141484564623,-0.34662766069682505,30.364743118400177,6.6010358187106135,-29.314183907017508,-75.12175301388919,-28.464749273137954,-37.07929135572634,46.92872990630684,48.6992544244109,61.19076604168346,-76.57635320190826,59.96650837371463
95,2462240.392,2029-Apr-13 21:25,45.81634276951535,3.5974198555702372,34.644116634148844,10.644556097063742,-30.808039615323594,-77.80818230003104,-28.051739577079246,-36.54016116028359,46.37989660621248,48.941410010022274,60.27807199656502,-79.51923807508982,55.33010859522619
96,2462240.396,2029-Apr-13 21:30,50.295955365028895,7.956162903865817,39.37137512831285,15.120800079552282,-32.35622300582021,-80.02467277903051,-27.532470003304965,-35.83006771257182,45.27051539239625,48.63806324600148,58.505814879108996,-82.05705683430344,50.31697528550657
97,2462240.399,2029-Apr-13 21:35,54.36588171586169,12.15258484454003,43.912081873536806,19.41917927015352,-33.49902204993995,-81.19917209123543,-26.73902951349011,-34.81532204663601,44.049954212291745,48.1099618949946,56.46925012911433,-83.35849251697903,45.619307371269066
98,2462240.403,2029-Apr-13 21:40,58.67035653809904,16.748961865155934,48.87079795050179,24.13233597973047,-34.612212139399716,-80.82708822930434,-25.803635535111425,-33.59396118943441,42.291027860312965,46.998716241671076,53.70724037245033,-82.65223938836311,40.60886955180115
99,2462240.406,2029-Apr-13 21:45,62.36277883455713,21.144882382993345,53.592937487305775,28.626680990865502,-35.31656469608522,-79.26104200783627,-24.640022857904498,-32.1308357084222,40.51584963126459,45.74202210123112,50.91596486982576,-80.56751618731593,35.97019879827111
100,2462240.41,2029-Apr-13 21:50,65.94678112795026,25.912775387785004,58.68557085283699,33.50281895109311,-35.915424688314474,-76.61536656335258,-23.314382277453717,-30.447181555546052,38.279004246400184,43.952118099989974,47.584357330298516,-77.47646064838776,31.081044743896356
101,2462240.413,2029-Apr-13 21:55,68.53778108153915,30.429802969487525,63.47904741614157,38.105709660185035,-36.127866027001275,-73.76291866046313,-21.821745576534212,-28.6009509637163,36.13183413291159,42.13804990349193,44.411361673423535,-74.31914992928165,26.60776379824233
102,2462240.417,2029-Apr-13 22:00,70.38544913939737,35.27972693627128,68.583669571804,43.04460435814996,-36.178144284791884,-70.42253544751398,-20.160825073362304,-26.536843150117917,33.62057957574906,39.89080380263474,40.85525822939772,-70.75278980366383,21.93651561055981
103,2462240.42,2029-Apr-13 22:05,70.82877515249771,39.82109808119458,73.32343002822394,47.64781222906411,-35.89465668516728,-67.2288652779649,-18.40297642985881,-24.395516232406607,31.290360754759362,37.74029071834316,37.579466175826326,-67.39383233029875,17.7091960563191
104,2462240.424,2029-Apr-13 22:10,70.08233821452684,44.6504423076843,78.31059110520862,52.53345548014063,-35.416667659756286,-63.73049846067801,-16.479582317456263,-22.047738545016117,28.688091947660624,35.26333887460902,34.0345899755346,-63.76167738247818,13.321969499949802
105,2462240.427,2029-Apr-13 22:15,68.28821627953634,49.11385429492962,82.86846614189105,57.02018699696442,-34.68259346422606,-60.48389433661069,-14.530622389106497,-19.70497495550356,26.3313887477398,32.97642763472875,30.838188777644135,-60.40786371107288,9.39017333427006
106,2462240.431,2029-Apr-13 22:20,65.65739320292116,53.82093036264233,87.52984611066348,61.73177052946707,-33.74271900683377,-57.003853811979184,-12.42230334959551,-17.168919477026748,23.77651907710616,30.452029514710816,27.448984870711904,-56.833417457928334,5.321822716787594
107,2462240.434,2029-Apr-13 22:25,62.730013698497444,58.11213668879702,87.77744316208316,65.98315289722595,-32.63711270453244,-53.81758125620803,-10.354828036916118,-14.710847069560288,21.503962272498057,28.176596552526206,24.438464242679615,-53.566916862248235,1.706537970658033
108,2462240.438,2029-Apr-13 22:30,59.357228019149034,62.60723705162266,83.40477085438542,70.38850665807064,-31.326965170724975,-50.43436506405726,-8.133313814948835,-12.069809992559158,19.086908357149085,25.728462565521326,21.283063348398485,-50.108170987212105,-2.033753317950527
109,2462240.441,2029-Apr-13 22:35,56.109014369677894,66.64657678016782,79.41512810953948,74.25392845192495,-29.940947689593415,-47.365053902519804,-6.010254066178078,-9.567631258887289,16.966109336767133,23.55863588982831,18.511465077868465,-46.97257379575211,-5.333084009305523
110,2462240.444,2029-Apr-13 22:40,52.85590927980847,70.53338579280761,75.57177746767535,77.82400541699786,-28.456394437854726,-44.36599930981134,-3.8843375416823136,-7.069976057414635,14.931803723176344,21.459730986914053,15.86389758722585,-43.91178668892337,-8.481481249413378
111,2462240.448,2029-Apr-13 22:45,49.36752228541589,74.55792591326723,71.56917239884149,81.17110593307945,-26.775018270108106,-41.19851827642992,-1.6059380504707121,-4.395461604701609,12.802828894436672,19.246962584195245,13.109059213858075,-40.6818298096278,-11.751232156507058
112,2462240.451,2029-Apr-13 22:50,46.22151622500975,78.05339166808895,68.04483669523148,83.29753865800515,-25.132221932177615,-38.35654224652785,0.5073668500671147,-1.9275739348464214,10.96278445307739,17.31916711328701,10.719442591013632,-37.78407527975513,-14.607751444781158
113,2462240.455,2029-Apr-13 22:55,42.87636322978098,81.53126650233348,64.36564895479856,83.69887072795287,-23.294909895938957,-35.35612645771417,2.777076594993787,0.719372662308146,9.048150519532953,15.299975437255085,8.23501554386209,-34.725224172598146,-17.586977205443773
114,2462240.458,2029-Apr-13 23:00,39.91637273463316,84.15808219627242,61.15131172330375,82.25474541164728,-21.55670150186353,-32.681603667676086,4.848463055594024,3.1270474645846633,7.406430271265776,13.55548340289593,6.094506068009537,-31.99853213820721,-20.174011018284162
115,2462240.462,2029-Apr-13 23:05,36.76506428446392,85.53397814989995,57.77693139321031,79.6738691256913,-19.622564096789986,-29.8546231807952,7.083285963809885,5.719801914166652,5.704156939950991,11.734254281810564,3.86686151481274,-29.115422926526477,-22.885162501871605
116,2462240.465,2029-Apr-13 23:10,34.01058289953226,84.63838400862866,54.84827351191047,77.02799452882543,-17.835425716109555,-27.35013094497927,9.094315701066165,8.048906724782853,4.254482490107776,10.171545772810006,1.9591878537078031,-26.561057964124302,-25.225266879275352
117,2462240.469,2029-Apr-13 23:15,31.061356624816575,82.25380068346452,51.75082602205756,74.0203307837339,-15.847623268738673,-24.696818014441376,11.277914780962234,10.571724501775847,2.754990650901533,8.542386314545269,-0.02992562942604593,-23.85295173257566,-27.6893544486457
118,2462240.472,2029-Apr-13 23:20,28.506665414576055,79.74848932869916,49.07816786308442,71.33347905024095,-14.044125646775086,-22.359876062974777,13.21844160871774,12.812933733609341,1.485833478347729,7.152691246784258,-1.7236962018927784,-21.46767239690783,-29.802984283327703
119,2462240.476,2029-Apr-13 23:25,25.749823949770885,76.8760050124981,46.22713018488949,68.3973471224148,-12.032849621687916,-19.876599167880173,15.341763322608884,15.257962296186207,0.1760492611315243,5.7046692604427705,-3.493531637587921,-18.93038610059402,-32.03789367148957
120,2462240.479,2029-Apr-13 23:30,23.379213369870342,74.33495318527731,43.78025783272566,65.84663480874116,-10.23484430298349,-17.70167238474906,17.207454077716548,17.408202102223385,-0.9262143899605775,4.4759847823481635,-4.9923123869206165,-16.708210010044795,-33.94220351116351
121,2462240.483,2029-Apr-13 23:35,20.798266395640297,71.54040809347008,41.14598035035743,63.06428737053233,-8.220473636130194,-15.382588194999997,19.266487289211412,19.772982508401057,-2.060408891436296,3.1962726961823336,-6.561200440257835,-14.3355930539837,-35.96190627612958
122,2462240.486,2029-Apr-13 23:40,18.592964492466194,69.13091540563502,38.89655689025696,60.67613601656039,-6.441930571280281,-13.362453241579061,21.056895778346714,21.833321593345616,-3.009710780637505,2.1156641022975293,-7.882585310776008,-12.269036007209564,-37.67035041784722
123,2462240.49,2029-Apr-13 23:45,16.169795901888534,66.48183922426719,36.45196443748835,58.05588518968379,-4.437740944221176,-11.200631849798356,23.050911682019205,24.11887632520201,-3.9821786470880625,0.9912459230120731,-9.267104999441443,-10.054002895656083,-39.48473590863557
124,2462240.493,2029-Apr-13 23:50,14.111227681595963,64.2217762112219,34.37468256627015,55.824621804719904,-2.6870932247842063,-9.327403853677183,24.76796621223839,26.092886724234774,-4.79177598129057,0.04613252259659362,-10.426785042598212,-8.135038025442128,-41.007023570729956
125,2462240.497,2029-Apr-13 23:55,11.828455166289146,61.72072593688813,32.095935558562395,53.35663897207099,-0.7013711744767619,-7.315602283303491,26.698215275836517,28.302322863596117,-5.615491538289859,-0.9353272644183761,-11.64151488034939,-6.070292009542811,-42.62208502304941
126,2462240.5,2029-Apr-14 00:00,9.89957543521696,59.60216497660398,30.16876525187154,51.268427340166674,1.0167492809314211,-5.581319172994029,28.345159222101515,30.194959872019552,-6.297605204809813,-1.7566409851031892,-12.65324538007306,-4.290897404773844,-43.96453926254256
127,2462240.503,2029-Apr-14 00:05,8.029122419594657,57.54886021465761,28.308254357910656,49.245390114353086,2.715387074565058,-3.9117265710334834,29.957013337685204,32.04751139075437,-6.9236733713121055,-2.5231669283636506,-13.599162297196429,-2.5765764311132955,-45.22315308739343
128,2462240.507,2029-Apr-14 00:10,5.927368611384878,55.24772925765828,26.239487586784215,46.97792236754204,4.662646726052756,-2.1095799533993898,31.794610696910816,34.14930934480299,-7.550025711439844,-3.314452000225984,-14.586482703225712,-0.7220175342752242,-46.54883272805097
129,2462240.51,2029-Apr-14 00:15,4.164845858175482,53.31538481773291,24.501989596007235,45.075232972585844,6.326571376617252,-0.5675660330993963,33.34239758156605,35.929084760694096,-8.064644923931183,-3.972537062364623,-15.401735336365732,0.8640895847319001,-47.632450296001764
130,2462240.514,2029-Apr-14 00:20,2.168092808304195,51.130887042609636,22.55353018185589,42.92388584656558,8.247631560777265,1.10136072741021,35.12298950064957,37.9662631225238,-8.569531976385292,-4.646779829951697,-16.247678927119097,2.585014967595697,-48.7609100093853
131,2462240.517,2029-Apr-14 00:25,0.501639215685799,49.30602643394587,20.924448385789134,41.12778868079373,9.87692750674637,2.5224677079915097,36.61049461653651,39.67877770273169,-8.98201589159521,-5.205272356252365,-16.94186414732914,4.049505014929778,-49.67003037999078
132,2462240.521,2029-Apr-14 00:30,-1.400738044715311,47.22539373528889,19.082911153992782,39.07968912547851,11.771289008433996,4.0636888615839695,38.336710096326996,41.655908733831694,-9.374460177471377,-5.770903887812366,-17.655200242840806,5.642154168864593,-50.59868331383373
133,2462240.524,2029-Apr-14 00:35,-2.981137369558226,45.49579175922535,17.549983997936792,37.37797531545005,13.366909593179969,5.369860172408579,39.76741518808103,43.30637624251431,-9.69311422998463,-6.237627675027497,-18.23669120387774,6.990882385120372,-51.33303629240848
134,2462240.528,2029-Apr-14 00:40,-4.797985895533003,43.50762546984081,15.804208775750226,35.42182173798266,15.234872045748887,6.788175120699776,41.441499204823195,45.22767841163372,-9.981229502840776,-6.702133295668858,-18.825128734046075,8.459850770226652,-52.059231787650106
135,2462240.531,2029-Apr-14 00:45,-6.3006317398270255,41.86258338663766,14.357232745318356,33.803932774883165,16.798215637900086,7.984640381270253,42.81832699342483,46.82076027690701,-10.213480791318332,-7.084008797235683,-19.301300359872926,9.697890433979325,-52.61887152225103
136,2462240.535,2029-Apr-14 00:50,-8.039214962035388,39.95693136935112,12.697959692484105,31.929958527819103,18.640582733048717,9.284153616131874,44.44197988093935,48.689953839017875,-10.4045835591414,-7.454045546728011,-19.77170998299826,11.047034959573196,-53.14123541070535
137,2462240.538,2029-Apr-14 00:55,-9.470975599027994,38.38714881840366,11.328411051974712,30.386788775413713,20.173342502280704,10.375491688732225,45.76724135620103,50.22972849403175,-10.557108928280613,-7.757230437524811,-20.14916515326719,12.178773805551884,-53.52768025522519
138,2462240.542,2029-Apr-14 01:00,-11.137158316379058,36.555427240104855,9.747989145859407,28.58663455793421,21.991196861434602,11.559692226268837,47.341451366734184,52.04989325406563,-10.657857198503024,-8.038775434419435,-20.507799678348107,13.411295039530799,-53.847392177763965
139,2462240.545,2029-Apr-14 01:05,-12.503596541010467,35.0529368158027,8.448815223884608,27.110433276217343,23.495151759572607,12.54986344068395,48.61668605311999,53.5397018669621,-10.736685323430805,-8.268769650547839,-20.792525495272756,14.44046968964318,-54.064526269274666
140,2462240.549,2029-Apr-14 01:10,-14.10200562322872,33.287798447974545,6.940963113436254,25.37699335881942,25.28971540791362,13.6217070397513,50.14158987149149,55.31315108504447,-10.753172796361014,-8.467227017349998,-21.045176779637487,15.558999125847137,-54.18623485194405
141,2462240.552,2029-Apr-14 01:15,-15.407593561622505,31.84575242500462,5.706309975185022,23.961138021438117,26.76669840893407,14.514164876464235,51.36752094989283,56.7555600440806,-10.763768765980586,-8.62897367881358,-21.24268348808768,16.488813839391753,-54.24083851325787
142,2462240.556,2029-Apr-14 01:20,-16.94178517310783,30.140910801679816,4.265884122108119,22.288374670442167,28.53926517818727,15.476194901556127,52.84226313709231,58.483700597449186,-10.701613953552268,-8.749280190299672,-21.394817591149902,17.49554237259659,-54.17303002868718
143,2462240.559,2029-Apr-14 01:25,-18.189981012145296,28.7534973169128,3.0909616764419354,20.92727925493584,29.99103020837341,16.27395621982383,54.01860254830076,59.88027647961013,-10.648969908534184,-8.847259437134028,-21.51024839169189,18.32874398351032,-54.07480677091448
144,2462240.563,2029-Apr-14 01:30,-19.662528124322947,27.103616119139623,1.7138149828066958,19.310107991389316,31.74288857614721,17.128384326465294,55.44112817209825,61.5633431697986,-10.513366769389151,-8.893945944472975,-21.56707849837774,19.225511431893025,-53.82951687730986
145,2462240.566,2029-Apr-14 01:35,-20.855962447069913,25.7658453110526,0.5946666658324773,17.999007020190405,33.17113159266605,17.834189354663422,56.56644943774799,62.9144583914577,-10.402094479235842,-8.9322840195982,-21.605325418390024,19.964559465548476,-53.590649678685736
146,2462240.569,2029-Apr-14 01:40,-22.02414921358732,24.450609205554684,-0.4991459028259584,16.710607134764572,34.58750679485959,18.498339235107665,57.666308641401905,64.2427688859982,-10.265793887222472,-8.94482665763644,-21.61015894959266,20.66084603939248,-53.2928518755607
147,2462240.573,2029-Apr-14 01:45,-23.409048157160754,22.87406244945626,-1.7890469878309148,15.168064549501295,36.30983962307986,19.19933730097715,59.00477088970585,65.85549461460832,-10.03219245867679,-8.892008780623229,-21.53757281075957,21.40007186970287,-52.81694671951763
148,2462240.576,2029-Apr-14 01:50,-24.52508109710304,21.602362062708863,-2.831671734330371,13.923878886530417,37.70511814171401,19.77530575451874,60.04927467086935,67.13597013140767,-9.843377659083288,-8.850388493899032,-21.47200874387505,22.005581337914336,-52.39898578899761
149,2462240.58,2029-Apr-14 01:55,-25.85126134290023,20.070740163148344,-4.06530770597648,12.42752205924674,39.40983115125859,20.373659376082244,61.32384567628128,68.69612136401196,-9.547696846265993,-8.733858388245835,-21.31633447255129,22.638895478658497,-51.784658293177415
150,2462240.583,2029-Apr-14 02:00,-26.91596081490229,18.839263851339908,-5.0590162381922,11.224460921980736,40.78544079575894,20.863753779991,62.307726072369945,69.92366122531783,-9.310138647713899,-8.641447509597853,-21.184719983794793,23.155672486687976,-51.26102574137303
151,2462240.587,2029-Apr-14 02:05,-28.183249562698435,17.349627553085767,-6.238079822327407,9.771611120355146,42.47359070858845,21.36138233374149,63.50972679182409,71.42182299314558,-8.956498818030028,-8.46480687193538,-20.950686454430212,23.68465502168003,-50.52515378966123
152,2462240.59,2029-Apr-14 02:10,-29.196806885363614,16.155590463909917,-7.1846201048061715,8.607112927779283,43.83083981701496,21.767888462564983,64.42555200587366,72.58670953255515,-8.673701335147769,-8.324753483446187,-20.757202239804812,24.1147501695189,-49.90988230345454
153,2462240.594,2029-Apr-14 02:15,-30.404362113158854,14.705487896066614,-8.310291805254181,7.195586929980294,45.503441873141014,22.166798663346,65.54339671758903,74.00618799365702,-8.265934901094369,-8.091374070939253,-20.44938607168588,24.541111640264177,-49.06854639799883
154,2462240.597,2029-Apr-14 02:20,-31.366396914766867,13.546551373063153,-9.210968346620746,6.067539619158524,46.843535645277946,22.492051310967383,66.38118488054418,75.09091740130481,-7.941160704647558,-7.906630718888536,-20.198052863289348,24.88666374216423,-48.37466625005786
155,2462240.601,2029-Apr-14 02:25,-32.512749721182374,12.133974499645518,-10.283993572545867,4.6956046690073805,48.50149309230199,22.794463942743448,67.3997668487667,76.40221071792656,-7.4829157074635475,-7.619755924686871,-19.82095139101098,25.212384358966602,-47.44269187936271
156,2462240.604,2029-Apr-14 02:30,-33.42235606007547,11.008183321192561,-11.139730386652786,3.602284966459081,49.825547975814565,23.040896121268403,68.14668365222171,77.37576857830102,-7.119202306343581,-7.393097535306282,-19.51562523191501,25.475679573561848,-46.681914822628585
157,2462240.608,2029-Apr-14 02:35,-34.505442547690734,9.631506509908533,-12.160460306199042,2.2686024344544933,51.469713517127644,23.249235183529123,69.04715831351294,78.52712677251677,-6.613883168388526,-7.0557868229873435,-19.0735715819161,25.70301051747603,-45.67251426653843
158,2462240.611,2029-Apr-14 02:40,-35.36121585329512,8.537261339618212,-12.97183971604261,1.2086491658813685,52.778736878490506,23.419416149099803,69.68750449303298,79.33580835156049,-6.214074491215982,-6.789838906485272,-18.717952255079467,25.886527295133362,-44.85513574079155
159,2462240.615,2029-Apr-14 02:45,-36.37843008916492,7.195202837530161,-13.94029523975938,-0.08776430904626409,54.40987969917222,23.536379347662347,70.44754321226071,80.24010908367096,-5.664907024148022,-6.405029797634924,-18.21515117761507,26.01806848036783,-43.779880446243055
160,2462240.618,2029-Apr-14 02:50,-37.1785275102316,6.13120373080055,-14.707617256577237,-1.1154048116038808,55.70479520101518,23.63303868537089,70.96347618633348,80.79924507098379,-5.231665424631714,-6.102280621488916,-17.812774617908104,26.124506208646842,-42.914787049646094
161,2462240.622,2029-Apr-14 02:55,-38.12677645520765,4.822781662017789,-15.623533681315251,-2.3752184348978744,57.323630643214244,23.661588211756097,71.55878211202085,81.33207522499836,-4.641683123016577,-5.67277413963474,-17.253263472280224,26.16320084684527,-41.78363444218573
162,2462240.625,2029-Apr-14 03:00,-38.86894650510931,3.788013383163374,-16.346832262794194,-3.3713045914319935,58.605286461598354,23.687589798001966,71.93220541498616,81.54196339181603,-4.177477149498401,-5.335558459313546,-16.80747074125135,26.195454427836808,-40.878385434762095
163,2462240.628,2029-Apr-14 03:05,-39.584247330867015,2.7666252281576504,-17.050091743534196,-4.352938129916893,59.88035683492296,23.682908533930032,72.2371624947479,81.57650351400255,-3.700438906417517,-4.983839784177178,-16.343566307638426,26.195487098650496,-39.95775360991675
164,2462240.632,2029-Apr-14 03:10,-40.426385506875334,1.506217263229587,-17.888803140336123,-5.559928383083374,61.48163098719672,23.589318838674743,72.55539844039562,81.40820944495232,-3.0566944354517176,-4.494579516712463,-15.709085775058512,26.105769658231473,-38.76082026253732
165,2462240.635,2029-Apr-14 03:15,-41.08007169708685,0.5129304558293768,-18.547828404656798,-6.510748452922144,62.7446070816296,23.518481598503598,72.69825028878888,81.06348029601496,-2.552021674453414,-4.111605263758335,-15.206334213611512,26.03626975481648,-37.808962879494544
166,2462240.639,2029-Apr-14 03:20,-41.844165267767664,-0.7151532987797538,-19.33245008711802,-7.681622945087582,64.33509910077927,23.344839551315573,72.80744840019294,80.46130167229344,-1.8741980846958342,-3.584024931792186,-14.524312190962377,25.862339523936825,-36.574678309437246
167,2462240.642,2029-Apr-14 03:25,-42.433342233104696,-1.6807852513938712,-19.946822799972594,-8.601792120509415,65.58665468401992,23.21103102261715,72.78384700040102,79.83008974986704,-1.3439912186982923,-3.1718466154511873,-13.985619722813055,25.726654628434233,-35.59655584836315
168,2462240.646,2029-Apr-14 03:30,-43.11527349936307,-2.876659597099419,-20.676410917118986,-9.736297015219463,67.16689354405597,22.961060267677794,72.68308808933043,78.92851418979272,-0.634558831719616,-2.6083420927511867,-13.259456968434165,25.472455099576408,-34.330515599753994
169,2462240.649,2029-Apr-14 03:35,-43.63696610635108,-3.814888704636431,-21.245594368975702,-10.625771330343966,68.40764607942752,22.767555173103617,72.4988163198476,78.11689061701173,-0.08078964978157899,-2.168911001721966,-12.687556534045228,25.274063384296667,-33.33028486432549
170,2462240.653,2029-Apr-14 03:40,-44.23257775805257,-4.978412255493765,-21.919060198925763,-11.723379994056444,69.9780809569329,22.445098029335085,72.20004378001634,77.03214533351756,0.6579251284831713,-1.5717647757034996,-11.920458654252954,24.94370395891154,-32.03721374993452
171,2462240.656,2029-Apr-14 03:45,-44.68384969097389,-5.889290188959578,-22.44241808293333,-12.581903760524824,71.20857947681506,22.195220685556905,71.86992590650658,76.11492940774494,1.2334036468967753,-1.1069357369746058,-11.317913592708592,24.686163825092223,-31.018367206576016
172,2462240.66,2029-Apr-14 03:50,-45.18919553232581,-7.020157672538602,-23.058640633958632,-13.641909142117328,72.76964968953213,21.804218914544663,71.39495539752365,74.9216803207875,1.9992008871783753,-0.4783377182220079,-10.51289872473302,24.28388748382099,-29.7022289054963
173,2462240.663,2029-Apr-14 03:55,-45.56731690141237,-7.903568638454146,-23.53548878109946,-14.469048214011337,73.99040099091033,21.501308868753895,70.93939369869233,73.94355984065919,2.5946487301112455,0.010126633412397723,-9.88210353448585,23.9707927904618,-28.667692631831187
174,2462240.667,2029-Apr-14 04:00,-45.97880305655761,-9.001242993755568,-24.093293681493364,-15.49049833295858,75.5424688692859,21.045734490669204,70.31502426696282,72.68575827177875,3.3854438202612442,0.6680809913596732,-9.042009897624595,23.50089424322279,-27.33185495356821
175,2462240.67,2029-Apr-14 04:05,-46.281411200040566,-9.85691607423341,-24.522935521118015,-16.28565379542681,76.75394734098526,20.693106494911035,69.7560420360011,71.67249761932877,3.9992293010856628,1.178508956780945,-8.385191852215385,23.135824302071526,-26.284078630307803
176,2462240.674,2029-Apr-14 04:10,-46.59604946487249,-10.920706763902857,-25.021189483546607,-17.26743066792075,78.29737364229717,20.17691669982902,69.0094261090151,70.37587699595186,4.81305886016311,1.8638216102860667,-7.512665860613154,22.602592297380014,-24.931367322755705
177,2462240.677,2029-Apr-14 04:15,-46.82130145977743,-11.748209159068608,-25.40294286937727,-18.029835689123416,79.50000477568793,19.777832740636953,68.36772639270018,69.34256872491953,5.443640132973812,2.3946192795941954,-6.831902611201343,22.189075142466336,-23.87242149249873
178,2462240.681,2029-Apr-14 04:20,-47.036863619298,-12.777223579799667,-25.84055123130318,-18.9706120052806,81.03510095994477,19.204914691135073,67.52348457764862,68.0226378206705,6.278651999538653,3.105389690066289,-5.929409503148321,21.596727136476872,-22.50523978349598
179,2462240.684,2029-Apr-14 04:25,-47.18357182409463,-13.575966226928713,-26.173775995194433,-19.699340296412714,82.22927349698324,18.76254262877194,66.81694813154772,66.97840724282605,6.924581933116087,3.655048899751918,-5.22662453748103,21.138190721500393,-21.43687247425946
180,2462240.688,2029-Apr-14 04:30,-47.29881676578816,-14.569161952292774,-26.549783886525077,-20.59764047580086,83.75630453676789,18.136730906005596,65.8958780651009,65.64482833931575,7.77897884352852,4.389418406685365,-4.296502021031287,20.490881433889385,-20.057292415924536
181,2462240.691,2029-Apr-14 04:35,-47.36656946894479,-15.338413899622239,-26.83392420980718,-21.291626111413578,84.94237557044586,17.654128273667382,65.13916104461633,64.59538016932132,8.438890059270946,4.9565042259913525,-3.5734800009756214,19.990631481734624,-18.98098702826941
182,2462240.694,2029-Apr-14 04:40,-47.399714470375045,-16.09421025270065,-27.096259234380398,-21.969781638702102,86.12448275359935,17.154761008048368,64.36498114986463,63.545539657586744,9.104364505143408,5.530686905997669,-2.842274344789658,19.47304525123465,-17.90191468862109
183,2462240.698,2029-Apr-14 04:45,-47.37054722607181,-17.033502574517797,-27.382142875515072,-22.803887949572015,87.63989182726739,16.459205376617433,63.36289209079074,62.20338186430527,9.98358159673522,6.295858900074052,-1.8762788547673068,18.753547718402245,-16.507772221656722
184,2462240.701,2029-Apr-14 04:50,-47.32569282587721,-17.75858668750473,-27.594869277070742,-23.44561680245836,88.81440598920402,15.923823102344954,62.55440468910761,61.15311267408569,10.661172374925897,6.885494292106202,-1.1272025720784598,18.19879144636927,-15.422519738833856
185,2462240.705,2029-Apr-14 04:55,-47.197715894684166,-18.658871050635426,-27.81749392529018,-24.233042933077627,89.67690961763098,15.184098769755238,61.51069110080908,59.80902970772496,11.555807080568016,7.670117255776319,-0.13857364981130615,17.433758516725305,-14.019835462780293
186,2462240.708,2029-Apr-14 05:00,-47.076512966829654,-19.352197500865785,-27.98038727229445,-24.83700107764696,88.51036717488789,14.61542289854171,60.67607987785851,58.760403204703906,12.244301948923123,8.273921253274779,0.6268825796831266,16.84475719800176,-12.929423407372497
187,2462240.712,2029-Apr-14 05:05,-46.85222021510651,-20.211927470700346,-28.13944920656745,-25.575830756161693,87.00946849542879,13.834821551584554,59.60018350812864,57.416832948431434,13.152836305664579,9.076399683159181,1.636327799512003,16.037725129212447,-11.519418892169483
188,2462240.715,2029-Apr-14 05:10,-46.657111654009526,-20.872361139761722,-28.252479296301416,-26.140614872357716,85.84948762124365,13.235422816768022,58.7457996376767,56.371256252762784,13.851073426013997,9.693138624386634,2.416779521792236,15.417231482489441,-10.424719391665846
189,2462240.719,2029-Apr-14 05:15,-46.339923430945674,-21.68982290440843,-28.347891494765662,-26.828811788387767,84.35564032505889,12.417037828272356,57.64516528626271,55.02997538955658,14.772057512932506,10.511951109739101,3.4453540656621016,14.571512374832665,-9.008476331825392
190,2462240.722,2029-Apr-14 05:20,-46.074028591153905,-22.31612957168747,-28.4112258554771,-27.352962861589702,83.20247637059539,11.789336516199882,56.77596427263682,53.98844070318188,15.47891187375977,11.140432478471809,4.239505848670802,13.922107322543596,-7.910256008266359
191,2462240.726,2029-Apr-14 05:25,-45.668205056417804,-23.089536318222216,-28.443216170696886,-27.988483592463666,81.71551882197696,10.936110679030563,55.65643119445498,52.650739145647094,16.41090851458702,11.974073292510752,5.285603064123151,13.040835631018567,-6.488737412053368
192,2462240.729,2029-Apr-14 05:30,-45.335162047818585,-23.68038303205725,-28.457210822693668,-28.470498834944934,80.56897968711087,10.282357522258536,54.776314104014816,51.61396981126178,17.1253034460005,12.613159869001777,6.09225718188614,12.364909884526568,-5.3876689486333476
193,2462240.733,2029-Apr-14 05:35,-44.84553143424097,-24.407834782362244,-28.42625015932576,-29.051264569916384,79.08876102118084,9.397008237295779,53.64252966785441,50.28082467154974,18.066951167067316,13.46020770375192,7.154407374270093,11.45096919151105,-3.9617119811500174
194,2462240.736,2029-Apr-14 05:40,-44.449378984785625,-24.961842376368708,-28.391491360294182,-29.48966498028662,77.94865607151857,8.719313928383073,52.754565074756904,49.249342400500126,18.787825217736838,14.108783949734402,7.972433142851386,10.750753127861387,-2.8583919050062434
195,2462240.74,2029-Apr-14 05:45,-43.88119616191736,-25.64139122981834,-28.298350570653625,-30.013648924822775,76.47504069235033,7.804390028667143,51.61023448990772,47.921500672951666,19.737775906130025,14.967840015034838,9.049244421882477,9.806833769639923,-1.4287494118756143
196,2462240.743,2029-Apr-14 05:50,-43.426193920745334,-26.157126790944574,-28.215621367046296,-30.406984393246304,75.34119567819766,7.1047077784796215,50.71687664730748,46.895703660815556,20.464096367534722,15.624829293493164,9.87758829688309,9.084381785423545,-0.3237102792752893
197,2462240.747,2029-Apr-14 05:55,-42.784936796747445,-26.786782371985808,-28.061344110627232,-30.872235392261373,73.87407458664794,6.162586615180771,49.565002440846605,45.573769396409766,21.421013658894623,16.494520014190982,10.967742038505207,8.112980157561026,1.1089252873227622
198,2462240.75,2029-Apr-14 06:00,-42.27544943619722,-27.262795100581144,-27.93163614954507,-31.219136048337162,72.74634166097297,5.4427408219511335,48.66823328655298,44.55397454709049,22.15174668968605,17.15885630889862,11.80539822293079,7.370200749694106,2.2151892157440756
199,2462240.753,2029-Apr-14 06:05,-41.743550381022374,-27.72092818203687,-27.781753752182524,-31.545302287750374,71.62152054753376,4.714643276021164,47.77086415797836,43.53719619451751,22.88396605731731,17.825979355643312,12.646676569107882,6.619125624159537,3.321610259811962
