,datetime_jd,datetime_str,Canberra DSS-43,Parkes,Madrid DSS-63,Lovell,Effelsberg,AVN-Ghana,Goldstone,Green Bank,Very Large Array,Arecibo,FAST,EDSCC,Usuda Deep Space Center 
0,2462240.063,2029-Apr-13 13:30,30.191079948425006,30.18472654046557,32.0828716721369,32.000981524561986,31.979114653950404,32.034655424497444,31.38354607389294,31.832824489821157,31.496637303103896,31.941016133416607,30.808687901831824,30.85764838339038,30.70943004411193
1,2462240.066,2029-Apr-13 13:35,29.906998576130597,29.900335538909026,31.79478017560117,31.713383407762887,31.689575499389893,31.744344258463514,31.115917133107683,31.561815157537993,31.229158275721236,31.6702263835588,30.512296856954826,30.568491626594728,30.421321503098202
2,2462240.069,2029-Apr-13 13:40,29.623266986598967,29.616301710162293,31.50639548212818,31.42555140170675,31.399802736780117,31.453672483484098,30.848327602144884,31.290648410350016,30.961665615775942,31.39918570477038,30.21610365039164,30.27957675603189,30.133506710006586
3,2462240.073,2029-Apr-13 13:45,29.339662350468345,29.33233306558883,31.21597679983751,31.136009319404756,31.10773399501133,31.159966255312796,30.585436079064905,31.022780863937562,30.698795643812694,31.13120431493264,29.916400816377738,29.989479180778087,29.844900818278703
4,2462240.076,2029-Apr-13 13:50,29.056748758016255,29.049135319177644,30.92692744820203,30.847649847674376,30.817438341356862,30.86847581861131,30.317908334791465,30.751227968300306,30.43124156109113,30.85955954455189,29.62070309341242,29.701146593370947,29.557786427881847
5,2462240.08,2029-Apr-13 13:55,28.774209789700013,28.76625741855638,30.635658449332087,30.557436943238205,30.524709716302482,30.573718122278006,30.05505540535767,30.48282623074177,30.168249184255778,30.590756418510068,29.321691538007716,29.411834173722582,29.27011628790627
6,2462240.083,2029-Apr-13 14:00,28.492137434585786,28.483919723167745,30.345953976380528,30.268559120079054,30.233904293708388,30.281423879607292,29.78756246903539,30.21086431329813,29.90060564389001,30.31848438110501,29.02652971849098,29.124108599507665,28.98372673543876
7,2462240.087,2029-Apr-13 14:05,28.210689225572334,28.202158573530408,30.05384806721218,29.977687827323884,29.94053352991729,29.985635466140003,29.524710322623143,29.94189780365052,29.63745215494362,30.04882921317098,28.728259675929642,28.835610221328658,28.697020259792392
8,2462240.09,2029-Apr-13 14:10,27.929481415662675,27.920704943992337,29.763499728022776,29.688302284406962,29.649233031214845,29.692554330070262,29.25722544779202,29.66950497698964,29.369691552557263,29.775908093639075,28.43367496594216,28.548516621296375,28.41138003095929
9,2462240.094,2029-Apr-13 14:15,27.64914866240105,27.640086135277272,29.470572732058603,29.396787182806943,29.355240121005064,29.395758790728713,28.99433625217449,29.399944212839443,29.106338497555512,29.505372142295,28.136197719007257,28.26086138524117,28.12566503973683
10,2462240.097,2029-Apr-13 14:20,27.368829035955528,27.35954086794431,29.179593273559078,29.106905773798132,29.063460475447418,29.101909702552717,28.726833195026586,29.127099785972177,28.83843395662473,29.231781858506505,27.842231620163002,27.974424515135556,27.84079829272011
11,2462240.101,2029-Apr-13 14:25,27.0896361880632,27.080089694413992,28.88586296612594,28.81476312308997,28.768867090551712,28.80413299893137,28.46386987291147,28.8569169236377,28.574843917350996,28.960338556043496,27.545598672984394,27.687641251569687,27.556102117294678
12,2462240.104,2029-Apr-13 14:30,26.810228658949637,26.800477347136564,28.594267083751486,28.524399496111844,28.476626077670737,28.50953708178084,28.19632292844695,28.583601435141798,28.306769277249675,28.686060541126153,27.252293868760248,27.401886507289365,27.272033458323726
13,2462240.108,2029-Apr-13 14:35,26.53220014357778,26.522219022858728,28.29975355230337,28.231647485123876,28.181455900594322,28.21080823335661,27.933248595898117,28.312769934580388,28.04290534533172,28.413685317346392,26.956557348075805,27.11600377798565,26.988382902747457
14,2462240.111,2029-Apr-13 14:40,26.25372918461246,26.243564680541173,28.007557822994496,27.940816972878416,27.888773018143045,27.915488857682917,27.66563285182557,28.038965358550495,27.77463542987916,28.138702826730523,26.663957503755736,26.830957017257372,26.705137245814743
15,2462240.115,2029-Apr-13 14:45,25.976889482844697,25.966524438753034,27.712283369775925,27.64747583484275,27.593051762960535,27.615839279262293,27.402411973944556,27.76746074565838,27.510462279110158,27.865373529150453,26.369170302762114,26.546003774059905,26.42255928041598
16,2462240.118,2029-Apr-13 14:50,25.699380428985606,25.688853994989966,27.419506169808788,27.35619528323574,27.299948066377837,27.319822257051143,27.13470319917301,27.49315041300634,27.241972811540837,27.589671731968004,26.077319903195608,26.261691015848854,26.140161577690225
17,2462240.122,2029-Apr-13 14:55,25.423754321987726,25.41305730951031,27.12349557047647,27.06228736814714,27.003703639779413,27.019286547023903,26.871300830659052,27.220949814625765,26.97745600358132,27.31536845808581,25.78353580773715,25.977696235588528,25.858682946211623
18,2462240.125,2029-Apr-13 15:00,25.147233286058402,25.13639742825926,26.830157687702084,26.770575938862727,26.71020255743872,26.722600215726857,26.603475959656503,26.946118811403764,26.708724021460693,27.038934457562025,25.492481203317855,25.694144837641755,25.577159285891078
19,2462240.128,2029-Apr-13 15:05,24.871164781395056,24.86019980691292,26.536581939283458,26.478682639259855,26.41653486673015,26.425632318916502,26.335604989012147,26.67106438314752,26.439890478290614,26.76218621334733,25.201789069073303,25.410937546755655,25.296029923100487
20,2462240.132,2029-Apr-13 15:10,24.59734065608943,24.586249008336157,26.239562399705108,26.184004356923037,26.119591800452604,26.12389132273698,26.071895541813223,26.39783655450576,26.17483454240483,26.4864630768387,24.909543709881778,25.12837567875464,25.016183749303575
21,2462240.135,2029-Apr-13 15:15,24.322302420799353,24.311104907583726,25.94545977322543,25.891711301985723,25.825564040283673,25.826299800018912,25.803878588323048,26.122243811257547,25.905728970667983,26.20896864563191,24.619717729477447,24.84597177921786,24.73596861880409
22,2462240.139,2029-Apr-13 15:20,24.049757638085342,24.03846488669805,25.64777576637716,25.596530973107598,25.52817625177552,25.523770442358277,25.53990913219206,25.84827381396388,25.640253045801963,25.93223461519196,24.328613350226107,24.564442954946724,24.457290145072722
23,2462240.142,2029-Apr-13 15:25,23.775779865521745,23.764404936088933,25.353172475049426,25.303862224386737,25.233816857921934,25.225590358230452,25.271726623509743,25.572132546506726,25.370856397138905,25.65398687494218,24.03970391669986,24.282872294205834,24.178017570398445
24,2462240.146,2029-Apr-13 15:30,23.504542372716372,23.493104151494663,25.054858628148665,25.008211114467468,24.93602137468161,24.92231893975907,25.00746712185786,25.297405224284233,25.10493182220287,25.376231500992922,23.74979967269681,24.00240824350833,23.90053546869284
25,2462240.149,2029-Apr-13 15:35,23.231657245142358,23.220160927812632,24.759783845125956,24.715193453976642,24.641361610132254,24.62358892796006,24.73910095068625,25.020707332057704,24.835226695333247,25.097225877012992,23.461859668262008,23.721702267218046,23.622235201228406
26,2462240.153,2029-Apr-13 15:40,22.961757098989168,22.950229865080463,24.460877468340055,24.41910522097423,24.343197869813185,24.31962516751192,24.474523647083046,24.745210297684107,24.568827310278532,24.81844207274201,23.173216351730954,23.44233567891181,23.345978987946417
27,2462240.156,2029-Apr-13 15:45,22.689999326231142,22.67843844018556,24.165363348901963,24.125768281758955,24.048271919605337,24.020387232200765,24.205957908381244,24.467950253576788,24.29879862852497,24.53867683718643,22.886301561165478,23.162528041668935,23.06868286434251
28,2462240.16,2029-Apr-13 15:50,22.42146832989907,22.40990928598588,23.86590590000805,23.829280455970615,23.74978337549956,23.71578559358614,23.941036988853092,24.191673981992906,24.031900458917402,24.25886082689545,22.59898304514822,22.884293612023676,22.79368373769326
29,2462240.163,2029-Apr-13 15:55,22.150875849141094,22.139307907053205,23.56998769811503,23.53565677075597,23.45462840815543,23.416085483262293,23.672258175121947,23.913848994911607,23.76153567439628,23.978337397287063,22.313152365358157,22.605420251201057,22.517425797706377
30,2462240.167,2029-Apr-13 16:00,21.88374880431868,21.872215760242554,23.270023983492578,23.23880992362858,23.155861621244423,23.110904651144377,23.406970520078566,23.636787123492628,23.494117645370427,23.69748917073083,22.027225124960534,22.328354390382724,22.243716546623578
31,2462240.17,2029-Apr-13 16:05,21.614363042191634,21.602846112372138,22.97374080101712,22.94493561874986,22.86051854676665,22.810792752453455,23.137967476702862,23.358397296414385,23.223406720912685,23.41621232400972,21.742541280566332,22.05045396215366,21.96853340040273
32,2462240.174,2029-Apr-13 16:10,21.34867777267937,21.337229035704006,22.673320390628025,22.64777480218144,22.561524715426906,22.50509691516681,22.872292802490456,23.080547062146913,22.95545081025294,23.13433594241831,21.458075793552013,21.774595924150766,21.696149373292446
33,2462240.177,2029-Apr-13 16:15,21.080544742464355,21.069137338692432,22.376715050204943,22.353689566160586,22.266038115464674,22.204628024192626,22.60305762355502,22.801595890786615,22.68438703811482,22.852314194672186,21.174605857736196,21.497710497337284,21.42208100271301
34,2462240.181,2029-Apr-13 16:20,20.816343318412997,20.805037560104715,22.075891913832034,22.056263950038378,21.966872680376053,21.898486690450028,22.336979137802153,22.52295842262481,22.41587888247559,22.569418141109857,20.891676736707296,21.223102581107714,21.15106045123806
35,2462240.184,2029-Apr-13 16:25,20.549513832161377,20.53827477703779,21.779012353942946,21.762012296496355,21.67129217774228,21.597721698720115,22.067507029874587,22.24345311546801,22.144458823668383,22.286664223168366,20.60949315914673,20.947278185187148,20.8781506169414
36,2462240.188,2029-Apr-13 16:30,20.286843241227956,20.275739362662158,21.47784573139865,21.464376017912336,21.372015726834036,21.29121066713095,21.801011788786482,21.964033872754435,21.875388075976527,22.002761844242062,20.328180165924348,20.67396653231232,20.608535449995184
37,2462240.191,2029-Apr-13 16:35,20.02137437965938,20.010362683327525,21.180744771334016,21.170007244316075,21.076395896276267,20.99021604238866,21.531302282376682,21.6839859480829,21.603612635105964,21.719293021717704,20.047361689414405,20.39925435114349,20.33683302949492
38,2462240.194,2029-Apr-13 16:40,19.756567545762586,19.745659012737608,20.883572804139998,20.875612777945527,20.78078554003205,20.68915330960278,21.261517816341076,21.403724887082664,21.331709394634302,21.435537446291576,19.767191826578788,20.125073356920474,20.065706296526404
39,2462240.198,2029-Apr-13 16:45,19.496242958702563,19.485517646108498,20.58203690116652,20.577789597438084,20.481476718658538,20.382268608658222,20.994438183509065,21.123220795358936,21.06184759974393,21.15024197018581,19.488382986047068,19.853745930938583,19.798228261755266
40,2462240.201,2029-Apr-13 16:50,19.23289773496782,19.22230111198136,20.284732300215595,20.283361288660217,20.185918459623185,20.081087184589684,20.724426102916528,20.842444093396836,20.78960072639701,20.865807612484723,19.20970926121218,19.5807651329738,19.52839373934496
41,2462240.205,2029-Apr-13 16:55,18.97425183553281,18.963871798545615,19.983026662726395,19.985487349996983,19.886675431980937,19.77405271876129,20.456920086569273,20.561194979661,20.519173536013895,20.57956427730116,18.932744398248445,19.31087240060388,19.26244867110934
42,2462240.208,2029-Apr-13 17:00,18.712445584308938,18.70221970308661,19.685658955513524,19.691090496794253,19.59124058619649,19.472839077975426,20.18669224517933,20.27992713847926,20.24659643936036,20.294482652631974,18.655666077391356,19.039159035782877,18.993971074737537
43,2462240.212,2029-Apr-13 17:05,18.455550823178942,18.445574662562965,19.383868502938324,19.393244321757116,19.2921493757568,19.16576122002729,19.91876491409071,19.997958298668134,19.975612050200724,20.00732674575304,18.380652098267216,18.770767972581194,18.729620951351677
44,2462240.215,2029-Apr-13 17:10,18.19537158987441,18.185574904064577,19.08651576767591,19.09895240253248,18.99691784387621,18.86461218306097,19.64833946738906,19.71623035909099,19.70272449992621,19.72163654244773,18.105279122219034,18.50039766794808,18.462573306270993
45,2462240.219,2029-Apr-13 17:15,17.940311124872895,17.930796950877284,18.784735195852363,18.80122182541491,18.69807422244741,18.55760906481825,19.380002988745158,19.433574594331805,19.43119832073675,19.433611580046296,17.832333917281787,18.233583868326456,18.19988852640746
46,2462240.222,2029-Apr-13 17:20,17.681859119525647,17.672549515886352,18.4874859953963,18.5071184333331,18.40313652011872,18.256633822467137,19.10940551079603,19.151425353307413,19.158027550631964,19.147359816090983,17.55878915987911,17.964642573503507,17.93435401350523
47,2462240.226,2029-Apr-13 17:25,17.428728961701523,17.41973417458153,18.18582124805225,18.209601920241056,18.10464742505916,17.949837421325157,18.840680096131226,18.86812395274324,18.885983160686216,18.858518764053436,17.288043346272893,17.699491529142335,17.673414696502824
48,2462240.229,2029-Apr-13 17:30,17.17211882073933,17.16335337829515,17.888776215386752,17.915782244680845,17.810106260725842,17.649159619964028,18.569944720276464,18.585601090318676,18.612565003382084,18.571762072308363,17.01646465306311,17.432077118670836,17.409488271039336
49,2462240.233,2029-Apr-13 17:35,16.921029397113937,16.912610475504497,17.587347398664757,17.618591847734905,17.512092885189233,17.34271862111547,18.300860182162943,18.301705588885323,18.340035689224635,18.282168915645123,16.748064711564048,17.16868700475387,17.150386865261044
50,2462240.236,2029-Apr-13 17:40,16.66639295554585,16.65822773229043,17.29062139995011,17.32516481648263,17.218065421377993,17.042478852630527,18.03003126736109,18.01886723149793,18.066416191761256,17.99497510003272,16.4786078931243,16.902911845024818,16.888177819654096
51,2462240.24,2029-Apr-13 17:45,16.41747229441459,16.409684525195757,16.98956463864655,17.028427765147995,16.920664937725398,16.736561548686147,17.760628321168657,17.73444071802127,17.793446272681265,17.70470658382356,16.212718340924628,16.641395046505565,16.631020703299498
52,2462240.243,2029-Apr-13 17:50,16.164961257877106,16.15745097591386,16.693289636492967,16.73551861589005,16.627285533594954,16.436921182892917,17.48976179925126,17.451357140227906,17.51968312415262,17.417156744661497,15.945559820383668,16.377387864034297,16.370654463898063
53,2462240.247,2029-Apr-13 17:55,15.918357495056807,15.911254670601188,16.39276111393288,16.439381284853745,16.330655249210746,16.131719809899945,17.220094273924268,17.16647678485927,17.246330173285102,17.12630486771179,15.682367219541293,16.117874442210184,16.115565210883318
54,2462240.25,2029-Apr-13 18:00,15.66814659404835,15.661344341100012,16.097090097783266,16.147135415595244,16.0380795021339,15.832865348981631,16.949260044793377,16.883232990253845,16.972495090215066,16.838495990331914,15.41770829437698,15.855783981384619,15.857186854639183
55,2462240.253,2029-Apr-13 18:05,15.419140794268722,15.41264897637262,15.801780401062917,15.8552764012746,15.745956702969059,15.534470550339812,16.678534239018838,16.600001831027296,16.698719295084203,16.550659521287862,15.15431698344799,15.594681165646383,15.599833167446524
56,2462240.257,2029-Apr-13 18:10,15.17632386497638,15.170280706937133,15.502379938922955,15.560352668411793,15.450808407754199,15.230748345719862,16.4086814580371,16.31469043525097,16.425013292212174,16.259218343540876,14.895496146434198,15.338423108382397,15.348086941494659
57,2462240.26,2029-Apr-13 18:15,14.929937160373441,14.924226202103128,15.207948481356215,15.269418274283055,15.159768125596756,14.933472913800758,16.138126585096447,16.031459989713987,16.15130658163892,15.971303805732997,14.634963686053204,15.079507843884908,15.092986448903536
58,2462240.264,2029-Apr-13 18:20,14.689927556666905,14.684692080175333,14.909576286234586,14.97556473078602,14.865893304288608,14.631079729011404,15.868219207677878,15.745966014118062,15.877437076327674,15.679594082776553,14.379431181872107,14.825680331954105,14.843717518667006
59,2462240.267,2029-Apr-13 18:25,14.446412715371766,14.441530011968021,14.616249090319839,14.685770054607033,14.576164664289784,14.335198287228026,15.597952556226433,15.462871477134764,15.603918766704682,15.39175291643789,14.12204310205261,14.569169392785724,14.591082056137337
60,2462240.271,2029-Apr-13 18:30,14.209463552374071,14.205081346696524,14.319168384458676,14.393234384999106,14.283827404805276,14.034456431869899,15.32811181634657,15.177345121986052,15.330011542911585,15.099946842862083,13.870099049521505,14.317993778226562,14.344502891110029
61,2462240.274,2029-Apr-13 18:35,13.969113545212615,13.965103196087115,14.027213559350782,14.104834327424529,13.995681494803103,13.74029469572428,15.058276376618954,14.894549882357817,15.05682699134305,14.812361506132442,13.616185233139914,14.064139728418253,14.094579113380426
62,2462240.278,2029-Apr-13 18:40,13.73552012509737,13.732033128839545,13.73173553667216,13.813909414260703,13.70519348617341,13.441584671632581,14.788652213321868,14.609173227846444,14.7830370103734,14.520666396852102,13.368176905288795,13.815875725737536,13.850939269242648
63,2462240.281,2029-Apr-13 18:45,13.49867592485983,13.49557802912188,13.441472551387557,13.527207375653974,13.418952530198172,13.149530807601373,14.519422152375997,14.32687485978717,14.510363140295821,14.233556951666461,13.118120304947224,13.564974293978034,13.604015815375076
64,2462240.285,2029-Apr-13 18:50,13.268783340859525,13.266229034784361,13.14796749903382,13.238241454330034,13.13068373623498,12.853305308069675,14.250199096554617,14.041868928783694,14.236880661304088,13.942223440436209,12.874450421141283,13.31992682310219,13.363608447286538
65,2462240.288,2029-Apr-13 18:55,13.035841309036549,13.033691102628906,12.859780664877926,12.953601945174473,12.846734285749354,12.563825832871386,13.981786772142065,13.760307709366826,13.964933224878093,13.655856920429407,12.62869715887065,13.072325575554798,13.120024039704075
66,2462240.292,2029-Apr-13 19:00,12.810052995059914,12.808463472339827,12.568692671658193,12.667012289189156,12.561127264475644,12.270627318453112,13.713191755889715,13.475941777925604,13.691991855127227,13.365189267171706,12.389834736899925,12.830854239164392,12.883194842108953
67,2462240.295,2029-Apr-13 19:05,12.58147455508726,12.580301337704554,12.283046859405184,12.384875204103128,12.279935155895721,11.984286843904489,13.445855897148686,13.195410715347343,13.42103399919833,13.079891403955566,12.148904787878527,12.586961504981174,12.643346712581543
68,2462240.299,2029-Apr-13 19:10,12.360261850359885,12.3596625938416,11.994912577018884,12.101165172889448,11.997522831537397,11.694770660762353,13.17816777445191,12.91201431253615,13.148920729460919,12.790261430714505,11.91539643025291,12.34949034100691,12.410502983002786
69,2462240.302,2029-Apr-13 19:15,12.136584010732681,12.136409823926863,11.712374318150804,11.822065289644355,11.719653498131642,11.412257020540014,12.91222448188906,12.632872647506519,12.8792744473501,12.506431769503056,11.679897401011,12.109787479985494,12.174858314313985
70,2462240.306,2029-Apr-13 19:20,11.92049698278385,11.920905424314713,11.427847308459027,11.541846700278404,11.441082370248672,11.12722032510516,12.645786597068238,12.350851268719708,12.608342817453387,12.218296581977135,11.452381505171653,11.876817971214528,11.946481004036483
71,2462240.309,2029-Apr-13 19:25,11.702344045987452,11.703182064990902,11.149111706636774,11.266438207539261,11.167226270086465,10.849376949887919,12.381623102062306,12.073541943601214,12.340403466715651,11.936428533854974,11.223023437541594,11.64187279612317,11.715589302731365
72,2462240.313,2029-Apr-13 19:30,11.492024035598359,11.493447734777043,10.868992617687523,10.990458568151375,10.8932845477257,10.56979533497025,12.116858661529786,11.79339682106294,12.071089876328884,11.650353576354735,11.002244975344572,11.413997618212813,11.492245680990019
73,2462240.316,2029-Apr-13 19:35,11.28012059431819,11.281973135744638,10.594917662921803,10.719546355715016,10.62428942641446,10.297661759360626,11.854950940741247,11.518469026557487,11.805344791056141,11.371060146833464,10.779857479887003,11.184480723717463,11.266753753048807
74,2462240.319,2029-Apr-13 19:40,11.071685181448712,11.073963939371904,10.323500583460657,10.451194966589888,10.358044411835257,10.028765828632627,11.594461081440162,11.245024831986507,11.540988333719032,11.093367732296967,10.561271812103659,10.957971675857738,11.04425630146277
75,2462240.323,2029-Apr-13 19:45,10.871497865560588,10.874353948429729,10.051843452127214,10.183303305568236,10.09285448344968,9.759598171671115,11.333318247136145,10.96896188954125,11.275242250033305,10.811797178257708,10.352234724239736,10.739103105952406,10.829780758168228
76,2462240.326,2029-Apr-13 19:50,10.670625746719786,10.67389732294879,9.786768519710721,9.921019821328263,9.833120357972623,9.498441370527189,11.076016050567386,10.698985621884512,11.014037463418793,10.53789462987129,10.142134574688036,10.519267732978454,10.613879874500565
77,2462240.33,2029-Apr-13 19:55,10.478303943511536,10.482136371364977,9.522438293633318,9.660079064156214,9.575404977875088,9.238264374839037,10.81810174589358,10.426659881402726,10.751519200554691,10.260487247460002,9.94228618662729,10.307499523688922,10.406349410056787
78,2462240.333,2029-Apr-13 20:00,10.286029257160404,10.29025770269824,9.265185231299988,9.40523920429168,9.323619956500739,8.986622937240186,10.564797296686448,10.161114880163026,10.4943035088435,9.9914577849751,9.74187857528856,10.09534890471458,10.198010252401128
79,2462240.337,2029-Apr-13 20:05,10.102635679658244,10.107397580885058,9.009876953112293,9.152815062153904,9.075011376286398,8.73747099513083,10.311014269835205,9.893627641344269,10.235953653226149,9.719463670956957,9.552471230842098,9.89173898913446,9.998425765659814
80,2462240.34,2029-Apr-13 20:10,9.920135745279898,9.925263552066513,8.762291730027314,8.907128926221736,8.83295530513306,8.49754351277417,10.062716437424154,9.633731261786277,9.983774967197192,9.456680585633821,9.363140433562494,9.688456631442076,9.798772616293892
81,2462240.344,2029-Apr-13 20:15,9.746875650524977,9.752496476667643,8.518112653330014,8.665162266957301,8.595466181899743,8.261919785190054,9.814194517345586,9.372477843830586,9.730775794104028,9.191686905961992,9.185600483834367,9.494241243637497,9.608298567973026
82,2462240.347,2029-Apr-13 20:20,9.57547492028542,9.581418837686615,8.282491679321616,8.430751092993056,8.365334232529383,8.036408126584755,9.572164075497346,9.119774221030875,9.484950314510096,8.936896364844223,9.008915096823731,9.301203759674387,9.418632428701573
83,2462240.351,2029-Apr-13 20:25,9.413697382649241,9.420078537515524,8.052046643619551,8.201635938681418,8.141430545203425,7.817360661658317,9.330319772461685,8.86652576838183,9.238790917173656,8.680920767285357,8.844842804426767,9.117814889539881,9.23861160911384
84,2462240.354,2029-Apr-13 20:30,9.254863594826984,9.261510105217004,7.831221347903548,7.981110068221411,7.925904388972461,7.609538240548462,9.096133691455968,8.62297418982012,9.000973583298126,8.436342026468605,8.682548468311687,8.936605885583878,9.06042148909226
85,2462240.358,2029-Apr-13 20:35,9.10605150173042,9.113061821931108,7.61769231142335,7.767768796257493,7.7185706390246756,7.410709721704873,8.8627432093807,8.379976962253478,8.76352986742758,8.191943519780063,8.533701885257853,8.765681992722762,8.892383579674055
86,2462240.361,2029-Apr-13 20:40,8.961377737316619,8.968578682716577,7.415098045480916,7.564295187366367,7.520873331103522,7.224447635323077,8.63837172664303,8.148055825322821,8.535798833533976,7.960382793177782,8.387694978613256,8.598097310087292,8.727349992263381
87,2462240.365,2029-Apr-13 20:45,8.827123456405555,8.83459509816817,7.222289239047325,7.3702272456141165,7.333644234368689,7.050059136109714,8.415654314808108,7.9181412669044615,8.309424941447865,7.730780311672794,8.255949434355431,8.441479838650478,8.573007794882702
88,2462240.368,2029-Apr-13 20:50,8.698292989707845,8.705861946410412,7.041981282539538,7.1875553200734075,7.15754559868139,6.889762136773772,8.20354517099526,7.700956413202339,8.094373783146263,7.515742751833863,8.128222163402613,8.289514755632188,8.422990720826233
89,2462240.372,2029-Apr-13 20:55,8.580255162650555,8.587980773317923,6.874285560647442,7.016823662110053,6.994467138583329,6.744473854732904,7.994249783024169,7.487646201031368,7.881996380743803,7.304917015173346,8.015500596811288,8.149225301913168,8.284220262156282
90,2462240.375,2029-Apr-13 21:00,8.46898721938869,8.476697665140287,6.720846204824122,6.859222350992563,6.844192449482861,6.614864367474571,7.797405040217831,7.289016712221918,7.682817242845408,7.110680309522756,7.9080524919199995,8.015035347517996,8.151225182411933
91,2462240.378,2029-Apr-13 21:05,8.367268704850964,8.374904176957841,6.58250278477785,6.715749223245029,6.708375438341246,6.5021602248465005,7.609550336268988,7.101284168066726,7.492997145490097,6.928593811136578,7.811559628210406,7.890679064346763,8.027648129627153
92,2462240.382,2029-Apr-13 21:10,8.276803932871843,8.284390487814724,6.461338045165499,6.588369563661681,6.589646485075463,6.409149491964097,7.426899079817154,6.921059351223763,7.3085363986034695,6.754996947776865,7.7309379059065035,7.779050897929699,7.916137785634136
93,2462240.385,2029-Apr-13 21:15,8.195135917313294,8.202509506040805,6.3570755280505,6.476832174028086,6.486269483597145,6.333838059136635,7.259909381111156,6.758920606140238,7.14055159500455,6.601434803291778,7.657486744246835,7.6758483547033585,7.81273514894604
94,2462240.389,2029-Apr-13 21:20,8.124886061094891,8.132050062203058,6.272895890975763,6.384095557672332,6.4025328606185425,6.280867663200324,7.100147454910597,6.607212568235704,6.980185422493393,6.459706795996211,7.600181618951046,7.585964583208363,7.721847260838649
95,2462240.392,2029-Apr-13 21:25,8.064721445781945,8.071522455424633,6.206969558642994,6.30872311740033,6.335506780484141,6.2462304329763345,6.958403431158438,6.475993727941243,6.838689873418116,6.34031454855482,7.551208809410313,7.506063920647531,7.640646215582457
96,2462240.396,2029-Apr-13 21:30,8.015995101040764,8.02241542981773,6.1634646549637555,6.254418664790838,6.290157715839327,6.235729772356477,6.826166065671013,6.358309580693635,6.7073349161150695,6.236183580297019,7.518345723739965,7.439911043859763,7.572274857570525
97,2462240.399,2029-Apr-13 21:35,7.978521561072891,7.98442406276915,6.138851567241744,6.218418151061493,6.262274722047938,6.243313915978731,6.714270180391669,6.26329139201382,6.59718071013764,6.156279188311642,7.494811640040136,7.385194792160768,7.515091665825462
98,2462240.403,2029-Apr-13 21:40,7.952336254810037,7.957685125866112,6.138050974491099,6.204955458382941,6.25726187039882,6.27569212229442,6.614222703632764,6.184746660034511,6.499728216019879,6.094715307807691,7.486996534168753,7.344415298584872,7.470856676991086
99,2462240.406,2029-Apr-13 21:45,7.938394871162547,7.943075352694007,6.155818856394462,6.209889159190392,6.269641879332943,6.324927450655715,6.536527746101373,6.13041429128608,6.42543036955367,6.058409547641601,7.489287142893722,7.316317889807343,7.439138160334866
100,2462240.41,2029-Apr-13 21:50,7.935405201770692,7.9393672177794565,6.197614871776048,6.23778291826902,6.305039817410784,6.3984184390842245,6.472801782862329,6.0948944017810796,6.366111654419698,6.0426924745909805,7.506544801184437,7.302037765979036,7.420231328980438
101,2462240.413,2029-Apr-13 21:55,7.94542539529123,7.9485822592252,6.256651667143884,6.283214556540561,6.356869084101799,6.4866956235653115,6.432793241348465,6.084102718836541,6.331164276428474,6.052030446152358,7.534435520058961,7.30138075776425,7.414901881454526
102,2462240.417,2029-Apr-13 22:00,7.96586879183144,7.968160080613197,6.338784048636275,6.3509434406654846,6.430828817631428,6.597689705516357,6.408338411823441,6.093479034408642,6.312844203240043,6.083019305566015,7.5762117411543795,7.314070593948181,7.421950453076607
103,2462240.42,2029-Apr-13 22:05,7.999825788548642,8.001197158937206,6.436023621202656,6.434516681036867,6.519513661967562,6.720875912929582,6.408031048362116,6.126837540581723,6.319080203233356,6.137503355337279,7.628899102191056,7.340954641498326,7.443296820270094
104,2462240.424,2029-Apr-13 22:10,8.04349272693035,8.043876653790466,6.554542768919448,6.538829080907192,6.628621873330384,6.864595645819821,6.424087945821842,6.180564931969359,6.3427179642194975,6.213447126246337,7.694124026812902,7.380363333885309,7.476279740488735
105,2462240.427,2029-Apr-13 22:15,8.100896805791788,8.100273389105382,6.685583421596073,6.65674430008215,6.750290614446067,7.017766282369554,6.463655225481246,6.256322257575684,6.389958161998791,6.310177409630716,7.770313019551923,7.434147632682355,7.523904964381532
106,2462240.431,2029-Apr-13 22:20,8.16713567080253,8.165432388571022,6.835584460294018,6.793274192939963,6.890182838045351,7.189018664527598,6.519552395763253,6.351605933033201,6.4544542215144425,6.427158621968756,7.85750799106889,7.499328529064481,7.582146462672358
107,2462240.434,2029-Apr-13 22:25,8.247061704742649,8.244292858893568,6.995438920033679,6.940959190583295,7.040330672964427,7.3671435843887565,6.597337415399217,6.466083433882887,6.540592766633369,6.56151315777144,7.955536541235048,7.578707767216803,7.655010985379746
108,2462240.438,2029-Apr-13 22:30,8.334825392503207,8.330914437752861,7.171787401682231,7.104908973395112,7.206329845728273,7.5609208202726474,6.690689971648806,6.59852314934429,6.643079962356377,6.714296415167596,8.062944867899626,7.668134553847241,7.737259354793912
109,2462240.441,2029-Apr-13 22:35,8.435984481429069,8.430977629680077,7.355517343651567,7.277646625642442,7.380394058654993,7.759342356464334,6.803580836419469,6.746881965767545,6.764555068571027,6.880827195621272,8.180922117606295,7.7712927652697905,7.833800242077921
110,2462240.444,2029-Apr-13 22:40,8.54725749809964,8.541152750515957,7.549486381222007,7.461242556508946,7.564838994210093,7.966394968524093,6.93239568348892,6.910066467326057,6.901910290927617,7.061202669261462,8.308278767456715,7.8856463028427,7.941568212358758
111,2462240.448,2029-Apr-13 22:45,8.664754770354799,8.657469636088429,7.756500939720085,7.657709807543098,7.761756521569982,8.185859842065742,7.074791253834825,7.088326444566319,7.053432062599114,7.256967857627373,8.442578184403079,8.007831199390388,8.056664024157945
112,2462240.451,2029-Apr-13 22:50,8.794853777268674,8.786474669753465,7.967867776437328,7.859936374578217,7.9639793272940835,8.407417765266187,7.2325774095553115,7.277651359423301,7.219471781862685,7.461468047190071,8.586885587300305,8.1426815878104,8.185128724910243
113,2462240.455,2029-Apr-13 22:55,8.930106902153446,8.92054684189408,8.190297361483248,8.07304358559495,8.176699631395415,8.639560598576965,7.4024477634059425,7.480184116430256,7.398090754546333,7.679494929113868,8.736597460012307,8.283896593593896,8.319542964446992
114,2462240.458,2029-Apr-13 23:00,9.077297896928151,9.066664934536961,8.41554748085181,8.29031906633366,8.393297272583323,8.872586625047152,7.584923766559499,7.69090701932071,7.58832191892268,7.903432426505387,8.89591980481539,8.43696580186996,8.466566649051897
115,2462240.462,2029-Apr-13 23:05,9.22863108495146,9.216833490166628,8.650162433929255,8.516755548565538,8.618683308504826,9.11463360628966,7.778059902560618,7.913188775000763,7.789650469952777,8.139292675732104,9.059230184533993,8.595025791425357,8.6182380790521
116,2462240.465,2029-Apr-13 23:10,9.39118048045041,9.378343552621,8.886425628995818,8.746105391437403,8.846833906574728,9.356687401303004,7.981219778001774,8.141203029534953,7.999953243270172,8.378723124022988,9.231757550141827,8.764113186529695,8.781712309056713
117,2462240.469,2029-Apr-13 23:15,9.556950619500737,9.542977867861138,9.1306178121166,8.983157207260726,9.08231677316264,9.606427849017528,8.19378748119908,8.379391874087156,8.220067837207157,8.62874795338803,9.407000020047288,8.936952852589236,8.948653857464862
118,2462240.472,2029-Apr-13 23:20,9.733195652778129,9.718225586742633,9.375590094598799,9.222161752343036,9.319724513568596,9.855569789688355,8.414084352401643,8.621275811015696,8.446853833258196,8.880453809249516,9.591086193109492,9.12001790085919,9.126590223469162
119,2462240.476,2029-Apr-13 23:25,9.911849607610161,9.895781291663004,9.627279894087309,9.467639118685378,9.563230940784326,10.11125457090997,8.64274552849168,8.872206586516759,8.682389607530526,9.141675272548039,9.776766366213021,9.305752926602993,9.306959294713588
120,2462240.479,2029-Apr-13 23:30,10.100244769305586,10.083226403396056,9.879128132659861,9.714353098791173,9.808047960401135,10.365949144067503,8.877151017040974,9.125175459672208,8.922635648288038,9.403078146445026,9.97094596099139,9.500959992482725,9.497543832583245
121,2462240.483,2029-Apr-13 23:35,10.290354309724313,10.2722810858883,10.136666970418164,9.966503753678422,10.057917239137334,10.626196983872816,9.119083638980566,9.386286760232396,9.17078261502761,9.673126209856182,10.165747860617325,9.697914435508865,9.689679277715815
122,2462240.486,2029-Apr-13 23:40,10.489495253427872,10.470522055626265,10.39393816884369,10.219372459633282,10.308664053832473,10.885229356369516,9.365071634568329,9.648104778380114,9.421994467935043,9.942179500339481,10.36873582384301,9.903646304472266,9.891294902484326
123,2462240.49,2029-Apr-13 23:45,10.689772827013247,10.669791767517017,10.656021586451875,10.47679948585107,10.56357043588161,11.1489486158469,9.617933225979552,9.917343372706512,9.680443439666156,10.219172592540103,10.571515994211602,10.1103562744689,10.093728983795504
124,2462240.493,2029-Apr-13 23:50,10.89840570523919,10.877575829353836,10.917563230140003,10.73458167529228,10.819063428221133,11.411354788459828,9.873425829449527,10.18622628949716,9.94058772436252,10.494256393148074,10.78219826855248,10.325209615649298,10.304958501413667
125,2462240.497,2029-Apr-13 23:55,11.107707261995172,11.08591853253934,11.183158001731071,10.99617189674808,11.077948916568433,11.677680401010637,10.135292219840657,10.461952209119586,10.207457409681219,10.776701984239317,10.991972746587024,10.54041245330644,10.516412677521187
126,2462240.5,2029-Apr-14 00:00,11.324725170504669,11.302138693942613,11.448054685250325,11.257876424169488,11.337240988407547,11.942693324941715,10.398593284842997,10.736478944631928,10.474886578523732,11.056533716841468,11.209390953765059,10.763181807699931,10.73602819933593
127,2462240.503,2029-Apr-14 00:05,11.545530479235945,11.522171569496264,11.714410188657167,11.521287142003077,11.598198744987867,12.208856061472565,10.665186781946515,11.013360336487409,10.745373799469345,11.338334073928598,11.429893804973757,10.989502808676216,10.95940925388912
128,2462240.507,2029-Apr-14 00:10,11.766479621579348,11.742236687150122,11.983861179699757,11.787573549534448,11.861590308551095,12.477943225891982,10.9376205450365,11.296417902811307,11.022030593566107,11.626804975967056,11.648652856522245,11.215454270143068,11.182345571638153
129,2462240.51,2029-Apr-14 00:15,11.994259954995712,11.969293952620903,12.252533249811655,12.053776141555778,12.125263455009264,12.745839468544094,11.210060203575848,11.577337918620604,11.297911094531187,11.91191250620759,11.874698771502306,11.448201502515301,11.412581460897089
130,2462240.514,2029-Apr-14 00:20,12.221948157124032,12.196147786987057,12.523743369571356,12.322322929759459,12.390821049758257,13.016062479379363,11.488099476727259,11.86408429923586,11.57969984431753,12.203307801135464,12.098568967664674,11.680233736780243,11.642062019683646
131,2462240.517,2029-Apr-14 00:25,12.455919490017257,12.42944404494996,12.794207737350144,12.590744261690483,12.6566596057712,13.2852500537174,11.765369526768305,12.148227352003184,11.859999788305348,12.490991993914875,12.329513902677734,11.918603093744105,11.878319830387179
132,2462240.521,2029-Apr-14 00:30,12.689636696344564,12.662376106242146,13.066706995165774,12.861037487790984,12.923893302092718,13.556213677625085,12.04806218015024,12.43790036459689,12.146006778160245,12.784625506667652,12.557937323879193,12.155999330644628,12.113599829779623
133,2462240.524,2029-Apr-14 00:35,12.929119510584096,12.90123028997699,13.338541262192853,13.131214188250018,13.191452060892683,13.826335682212068,12.329332468612813,12.724608348559789,12.42993340292407,13.074297980722323,12.793232791022199,12.399308511368918,12.355168927228217
134,2462240.528,2029-Apr-14 00:40,13.168250292715513,13.139624498808532,13.611951474985572,13.402838700072909,13.459966210088716,14.097721991592264,12.615895067330179,13.016588494036293,12.719409432691029,13.369612636182932,13.025737184006077,12.641461480629347,12.595613548713596
135,2462240.531,2029-Apr-14 00:45,13.412656865383191,13.38344731686373,13.884813789626026,13.674394564348178,13.728883539933117,14.36848925169677,12.900483281601389,13.305326129658834,13.006313174238453,13.660795151358919,13.264917422834401,12.8891323573803,12.841888752319132
136,2462240.535,2029-Apr-14 00:50,13.656668071509843,13.626769747686591,14.158829464002283,13.947013603174126,13.99835749824109,14.640041979735328,13.19026766715797,13.59910634617369,13.298640231685773,13.9573353827875,13.501102939708197,13.135526954399083,13.086956519235185
137,2462240.538,2029-Apr-14 00:55,13.90548928335885,13.875050527182733,14.432442498721958,14.219642282699457,14.2683388471009,14.911219974426535,13.477610703232912,13.889436289563152,13.587986552433643,14.249637593738658,13.74377119638957,13.387068311346978,13.337421197163994
138,2462240.542,2029-Apr-14 01:00,14.153918488115615,14.122837939177739,14.706816617200984,14.492982244217307,14.538512592635014,15.182732749254871,13.770077330274017,14.18459869238072,13.882651478474077,14.547028158151228,13.983299478275178,13.637267175910207,13.586649823404683
139,2462240.545,2029-Apr-14 01:05,14.406713394575288,14.375134263303952,14.980954584385083,14.766433319953414,14.809317358340046,15.454130958220286,14.059707023587565,14.476160454262615,14.173996968475263,14.840128433915192,14.229118283009152,13.892261408452205,13.840862792199419
140,2462240.549,2029-Apr-14 01:10,14.6591588668804,14.626984106971593,15.25548710967238,15.04027135890513,15.079979726011238,15.725437854811902,14.35440362129019,14.772358050580783,14.470570540467923,15.138057928556666,14.471702776264818,14.145892268250822,14.093856668077425
141,2462240.552,2029-Apr-14 01:15,14.915544502240259,14.882911611545818,15.52996583245772,15.314339534086253,15.351410854767362,15.996901564787237,14.645928891185573,15.064853148108991,14.763545624171977,15.431690261362013,14.72038376592905,14.403982820012564,14.351439644293176
142,2462240.556,2029-Apr-14 01:20,15.171656126755602,15.138472966966576,15.80449504514239,15.588494170509115,15.622390556689313,16.267869881005872,14.942474115191267,15.361796248832205,15.06166668141438,15.729898977869992,14.965781238192239,14.660727762976965,14.60785908542693
143,2462240.559,2029-Apr-14 01:25,15.431299425208076,15.39769730003529,16.0791641944919,15.863010881962015,15.89428665373385,16.53927378437941,15.235565309627985,15.654975120029606,15.355960365939977,16.02384108441688,15.217078527143222,14.921609908655288,14.868487370061269
144,2462240.563,2029-Apr-14 01:30,15.690771469514347,15.656663658029256,16.35355932431045,16.137334028686453,16.16544469285921,16.809797985652754,15.533634940056306,15.952419762975456,15.655322390658846,16.322110601638673,15.465082370135367,15.18119654456939,15.128039760056263
145,2462240.566,2029-Apr-14 01:35,15.95338099828294,15.9188921993428,16.628296935700952,16.412161419826177,16.437674149494978,17.081041425584004,15.828013310742755,16.24607359677645,15.95067226073286,16.616176791805984,15.718785169393735,15.444608688845145,15.391433311331594
146,2462240.569,2029-Apr-14 01:40,16.217318116840783,16.18246542381745,16.90308686034451,16.687145157438152,16.710074951694125,17.35224523874451,16.122926572660656,16.53991749283142,16.246456837225782,16.910282673760666,15.973592922312193,15.709154899604954,15.656062007880369
147,2462240.573,2029-Apr-14 01:45,16.481266487310627,16.44597172926626,17.17715917424748,16.961556858310363,16.98135291741885,17.622040801889217,16.42275710097639,16.837764896550258,16.547195415897615,17.208355643435507,16.22514703219853,15.972519409104889,15.919782029249335
148,2462240.576,2029-Apr-14 01:50,16.74779894897949,16.712176587578572,17.451874187935147,17.236687579504025,17.253931121899374,17.89296763485791,16.718617588658653,17.131831697866648,16.8437169028282,17.502362207499193,16.48209494680338,16.239267767977665,16.18682362914145
149,2462240.58,2029-Apr-14 01:55,17.0144955444618,16.978473813534663,17.725586554090757,17.511006529355285,17.525144947752292,18.162144291750753,17.019353063147385,17.42972285899716,17.14511271508553,17.800087982207597,16.735858363872943,16.50494462858175,16.453102935213984
150,2462240.583,2029-Apr-14 02:00,17.28341294299262,17.247098931858066,18.00015444742785,17.78620016597558,17.797821392038337,18.432737750609157,17.315970793098973,17.723873843198877,17.44219301709808,18.093872675036764,16.994802126561297,16.773713667986332,16.72236099596262
151,2462240.587,2029-Apr-14 02:05,17.55266093664314,17.5159896016378,18.273448711648165,18.06035624459446,18.06890778013149,18.701254805313,17.617416973357255,18.021668695096732,17.74406359544372,18.39112718178912,17.250656525216996,17.041539393167472,16.991020167339016
152,2462240.59,2029-Apr-14 02:10,17.82377712666499,17.78684793659668,18.547811761281622,18.335544296587287,18.341618538482358,18.97147162984613,17.91462700609995,18.315784937662887,18.041548380117334,18.68458541058854,17.511471480557493,17.3121711161191,17.26232281557432
153,2462240.594,2029-Apr-14 02:15,18.09540154612984,18.05815642745226,18.820642763347777,18.609481225126032,18.61252760156743,19.23930041367185,18.216613682036613,18.613362441977994,18.34373416393567,18.981262162676423,17.76931470787483,17.582002359631954,17.533203641659977
154,2462240.597,2029-Apr-14 02:20,18.3685510403236,18.331081650435326,19.094755497497584,18.884608316229233,18.8852215851807,19.50910851901479,18.514272115506742,18.907341719384938,18.641489077804394,19.27430457556716,18.03189269090114,17.854358514664405,17.806399715587364
155,2462240.601,2029-Apr-14 02:25,18.642394591288408,18.60465004873447,19.367090314871778,19.158282759762194,19.155916087698884,19.776231584418166,18.816648905020557,19.204597002700503,18.94384945039787,19.570311972260733,18.29163693477458,18.126069482781897,18.07936225247647
156,2462240.604,2029-Apr-14 02:30,18.91742956159488,18.879493535241266,19.64091756334329,19.433304516752383,19.428552959519266,20.045608348619112,19.114629541610803,19.498351176274966,19.24175696446447,19.862862148117745,18.55588359261784,18.400028421084787,18.35431805413978
157,2462240.608,2029-Apr-14 02:35,19.193350883956775,19.155179854799663,19.912732634342944,19.706683008001956,19.699005231947453,20.312017118604004,19.4172629369318,19.79519282879437,19.544167415150167,20.158121201739736,18.817452412470615,18.673507550063892,18.62923741566116
158,2462240.611,2029-Apr-14 02:40,19.470138560820505,19.43180808201727,20.186248199715823,19.981564576921315,19.971554002398644,20.580948279899406,19.715454178792346,20.088645474680305,19.842123876634528,20.450113526427014,19.083285347504475,18.94896179422075,18.90583413551981
159,2462240.615,2029-Apr-14 02:45,19.748009246047896,19.70948329616287,20.457528726721193,20.254622820711184,20.241745310449485,20.846642402337725,20.018224892477875,20.384993773843107,20.144473519098742,20.744556206825585,19.346612137927558,19.22410978601704,19.18259829037181
160,2462240.618,2029-Apr-14 02:50,20.026429652328506,19.987775565237225,20.730714053361623,20.529337433151,20.514182893685934,21.115120813812773,20.31652774759058,20.67807865302212,20.442387287423973,21.0359345300099,19.613958821167294,19.50096375389441,19.46072964906602
161,2462240.622,2029-Apr-14 02:55,20.306132644730138,20.267321993203918,21.00145247065304,20.802058671062245,20.784101796836726,21.38010681959222,20.61932882888077,20.97386397643541,20.74457707071375,21.329502386493726,19.878984955400835,19.77769151150057,19.739237352638355
162,2462240.625,2029-Apr-14 03:00,20.58607726383105,20.54716908185743,21.274295185621668,21.076586055527684,21.056411461583032,21.64813131313956,20.917654796115944,21.266523221184748,21.042366485487086,21.620218447450554,20.147781204229847,20.05585960065476,20.018807680277867
163,2462240.628,2029-Apr-14 03:05,20.866690978974244,20.82769854284064,21.547006661840925,21.351047283283144,21.328683827814682,21.91598295871717,21.215974057070984,21.558989156678596,21.340086314393005,21.910641408066855,20.417229405419,20.334605787321888,20.29900796941814
164,2462240.632,2029-Apr-14 03:10,21.148874667319987,21.109780587375,21.816983873014387,21.62328611539373,21.598223888644792,22.179996768003228,21.518659461509902,21.85386792036868,21.64189955807525,22.202873981585075,20.68464346168959,20.613491834932173,20.579889460882793
165,2462240.635,2029-Apr-14 03:15,21.430867860935123,21.391719111441496,22.08934300644825,21.89753935153015,21.870352257096574,22.44740022688381,21.81688873010579,22.145836832405966,21.939391263110004,22.492576527969746,20.955456301954047,20.89343962583472,20.86140236577716
166,2462240.639,2029-Apr-14 03:20,21.714631555791854,21.675418456870776,22.358782991593717,22.16942417905344,22.13961496666974,22.710744542925863,22.119382439344147,22.440015338024786,22.240840518499446,22.783823188860254,21.224448197903886,21.17371744588933,21.14381155969645
167,2462240.642,2029-Apr-14 03:25,21.997917028418374,21.958678178110038,22.63079022417689,22.443462528472033,22.411595649001775,22.977710858439714,22.41745373485944,22.731446262901244,22.538042084794277,23.072773098496686,21.49657723098518,21.454800384620082,21.426561677031707
168,2462240.646,2029-Apr-14 03:30,22.283171725442266,22.24390515506407,22.89970416908278,22.714995863638396,22.680588139174937,23.24041034526815,22.719679755595934,23.024880820933156,22.83905816586794,23.363000439744983,21.76710704857003,21.736405544447884,21.710423502780085
169,2462240.649,2029-Apr-14 03:35,22.567668724089952,22.52840465977999,23.171363980790037,22.988816604057384,22.952421483342043,23.506954430461764,23.017531574090263,23.31573823655977,23.13591381704037,23.651170734453256,22.040508328930965,22.018562856745344,21.994341466729207
170,2462240.653,2029-Apr-14 03:40,22.854331254772674,22.81507540815314,23.439767006038615,23.26000483272441,23.22115464719632,23.769037951321824,23.31941970715663,23.608390176044246,23.436433171262905,23.940350458780266,22.31253966619294,22.301435475210845,22.279585735979907
171,2462240.656,2029-Apr-14 03:45,23.13996467807268,23.10073893254325,23.711087454942195,23.533608868901187,23.49284452732079,24.03517831298747,23.616995923265332,23.898643158596553,23.732892330470282,24.227718700061132,22.58717310063275,22.584611154501797,22.564607259426833
172,2462240.66,2029-Apr-14 03:50,23.427956375030632,23.388774076067694,23.978998212369348,23.804461988252275,23.76133261029114,24.296677955485915,23.918482395469166,24.190479396995126,24.032857691047983,24.515827978758953,22.860671895560213,22.868695329613864,22.851168052253755
173,2462240.663,2029-Apr-14 03:55,23.71465593622117,23.675530667646306,24.249990408505234,24.07785334255818,24.032885874971374,24.562436052157675,24.21573195668387,24.480101361315043,24.328874702456663,24.8023759935555,23.13650042006962,23.1528374259321,23.13723319701756
174,2462240.667,2029-Apr-14 04:00,24.003902270463122,23.964854937899975,24.517430764968378,24.348384440587925,24.301146094154124,24.823387393195503,24.516757484797036,24.77109290489231,24.62823322916297,25.08939628568189,23.41143480602134,23.438080346201257,23.425047923701037
175,2462240.67,2029-Apr-14 04:05,24.29160191869568,24.25263787401522,24.788108430318324,24.6215697989766,24.57257210403743,25.088787200907188,24.81363392557265,25.06006119341228,24.923766897204576,25.375109786714454,23.68842382463607,23.723140370759406,23.712100490998257
176,2462240.674,2029-Apr-14 04:10,24.5820318621787,24.54317948043268,25.05510279135027,24.89179453237593,24.840623990857654,25.34922815581433,25.114144412973143,25.350183563492028,25.222470845467804,25.66102705236545,23.964763244515364,24.009491991726797,24.0011096074268
177,2462240.677,2029-Apr-14 04:15,24.8706691173641,24.831925600599273,25.325482089140028,25.164783017559312,25.111934419995507,25.61429609035884,25.41060511174956,25.638478927124506,25.517483739170927,25.945895201451112,24.2428802416913,24.29542434136312,24.289096506279495
178,2462240.681,2029-Apr-14 04:20,25.162214858478794,25.12361593454909,25.59205715275478,25.434719213218028,25.37979951832547,25.874267095971838,25.710550265778828,25.927711095573557,25.815489136886992,26.230699078928286,24.52059528934866,24.58283669450328,24.579242787583286
179,2462240.684,2029-Apr-14 04:25,25.45173055735247,25.413265380447,25.862156205208414,25.70752188261536,25.651007846358116,26.13903159924914,26.00655605550943,26.215317304508687,26.109947211142533,26.51471414737089,24.799809388201357,24.869598162969034,24.86811356460311
180,2462240.688,2029-Apr-14 04:30,25.744326173719525,25.706037704991832,26.12834144697964,25.977190108058384,25.918710214107456,26.3985756176637,26.305889792069813,26.50364232906615,26.40721431696745,26.798398422813907,25.078871369227848,25.158025235712554,25.159341841528605
181,2462240.691,2029-Apr-14 04:35,26.03466391554161,25.996533367305435,26.398180179115347,26.249819802475532,26.189831560677394,26.66306692909093,26.6014047443487,26.790546041881758,26.701086720204547,27.081555652681402,25.359152953516954,25.44557466047254,25.44904829299721
182,2462240.694,2029-Apr-14 04:40,26.325350869268075,26.28738845311533,26.6679199049141,26.52238534773676,26.460927751184073,26.927459688623006,26.896694721134033,27.077141345702298,26.99469468789413,27.364340816892476,25.639899416865365,25.733459610846207,25.73910861471564
183,2462240.698,2029-Apr-14 04:45,26.61935183182061,26.58161063643097,26.93360637407227,26.791713120538496,26.728447277431826,27.18647812442117,27.195076027222935,27.364140861212583,27.290838451429604,27.646414922076776,25.920853897650684,26.02326994942776,26.031801082347343
184,2462240.701,2029-Apr-14 04:50,26.910782152178808,26.873232218925114,27.20311660394821,27.064126346897243,26.999480032167895,27.450642945945987,27.489828841575246,27.65001931166211,27.583821702733132,27.9283402883459,26.202625240970495,26.31188557662823,26.32262996194147
185,2462240.705,2029-Apr-14 04:55,27.205680941045202,27.168382204660308,27.468490318860137,27.333241138853737,27.266899358747946,27.70934462866603,27.787500261844407,27.936082705724452,27.8791441335105,28.20929282003441,26.484856077976826,26.602602547786386,26.616275067217586
186,2462240.708,2029-Apr-14 05:00,27.497803629790088,27.46071854271049,27.737794638747687,27.605518481445795,27.537887031006573,27.973315358782436,28.08168686656159,28.22123721804712,28.171478651607792,28.490360139373088,26.767624747773564,26.891911541982783,26.907828589112615
187,2462240.712,2029-Apr-14 05:05,27.793541250331323,27.75673642540696,28.002890178986114,27.87444577494476,27.80523435852573,28.231748208637207,28.378613939530585,28.506358112823474,28.465951623432233,28.77019596985204,27.05110371109404,27.18349333191026,27.202376093690777
188,2462240.715,2029-Apr-14 05:10,28.08630699691201,28.04973745708188,28.272013307812514,28.14660483895845,28.076196279372184,28.49555959700479,28.672208127966588,28.790784132550296,28.757616209821013,29.050409534530274,27.33484255754097,27.47345968577222,27.494611814256555
189,2462240.719,2029-Apr-14 05:15,28.382826068398657,28.346564900129522,28.536866217900048,28.415370886042485,28.343500413882182,28.75377285313638,28.968358526670965,29.07495822421755,29.05121378969745,29.32913600826153,27.619541048470996,27.765864772860297,27.7900119722014
190,2462240.722,2029-Apr-14 05:20,28.676186926683815,28.640181911965144,28.805833929510495,28.687430295012756,28.614456772188817,29.01746064588465,29.261336361617687,29.35865333379882,29.342189533084902,29.608502376228277,27.904223092500743,28.05645334892291,28.082888455304
191,2462240.726,2029-Apr-14 05:25,28.973430653171885,28.937761149344215,29.070481246590933,28.956062856933382,28.881747745495638,29.27550459949012,29.556681072527507,29.641879551064395,29.63488915651914,29.886130105288654,28.190111990226054,28.349640964248184,28.37909236285789
192,2462240.729,2029-Apr-14 05:30,29.26734024846153,29.231946976244764,29.339319975879366,29.22804183224192,29.152719179965736,29.53910529368025,29.849020589173335,29.924843110811622,29.925159127841454,30.164657805963714,28.475710319915855,28.64081728084379,28.67256901152081
193,2462240.733,2029-Apr-14 05:35,29.565253536720896,29.530221905946576,29.603798905939595,29.496568745944966,29.420026888904413,29.797030585444464,30.1435328084612,30.207122242753684,30.21694044465805,30.441199539423888,28.762759899649208,28.934746873945286,28.969528261060802
194,2462240.736,2029-Apr-14 05:40,29.859666419785388,29.82493030063386,29.872535949038795,29.76848740609081,29.691034734989024,30.060581246419876,30.43521443922965,30.489355836705574,30.506490125500257,30.718899347474704,29.049247522221492,29.226477225128942,29.263565372245157
195,2462240.74,2029-Apr-14 05:45,30.158194842849557,30.123845468311085,30.136884557025983,30.036937371134005,29.958389671809524,30.318439066567887,30.72887014285335,30.770691302431132,30.7973356091984,30.99437055337578,29.33742735733719,29.521108663181646,29.56123211079201
196,2462240.743,2029-Apr-14 05:50,30.453066786373885,30.41903138639337,30.405547669457043,30.308816266088638,30.229455530460942,30.58197719342803,31.019876215780588,31.052198215609963,31.086152389776224,31.271255090954273,29.624777132578064,29.813359831876625,29.855790637374106
197,2462240.747,2029-Apr-14 05:55,30.752156648101646,30.7185320404932,30.66980466199161,30.577218565817123,30.49688853056698,30.83981926801702,31.312653732694773,31.332595694170973,31.37604692783334,31.545673701593135,29.914055985180546,30.10865310440601,30.154117286187034
198,2462240.75,2029-Apr-14 06:00,31.047444101788237,31.01415109990882,30.93842224703467,30.849078882516345,30.768034454338906,31.103382835566872,31.602968539204923,31.6133810997619,31.664120202839257,31.821757589047493,30.202240429489628,30.401392246464372,30.4491586601156
199,2462240.753,2029-Apr-14 06:05,31.342899502217307,31.30994537560122,31.207031322243076,31.12093922216008,31.03922385753458,31.366973890449916,31.892975954535384,31.893853935411094,31.951865326031978,32.097498738627486,30.49077880274116,30.69433120759433,30.744395683788703
